Workbook

Sheet README
A1: Verity – 500-order validation simulation (run 4, seed 0.42)
A3: What this is
A4: 500 customer orders were generated and pushed through the real Verity order functions (save_draft, submit_order) on the live database.
A5: Each order carries either no error ("clean") or one planted error. The system did not know which; its validation result is compared with the truth.
A6: The orders and the 20 customer accounts were rolled back after the run, so the live system was not changed. Only these result rows were kept.
A7: All company names, people, e-mails and phone numbers are fictional. E-mails use the reserved .example domain.
A9: Sheets
A10: Orders – one row per simulated order (raw data).
A11: Customers – the 20 fictional customer companies, with counts calculated from Orders.
A12: By error type – detection per planted error, calculated from Orders.
A13: Confusion matrix – accuracy, precision, recall, specificity and F1, calculated from Orders.
A14: Rules – how often each validation rule fired (counted when the run was analysed).
... A33: Replicate range: minimum and maximum across the three summaries. Sensitivity: replays of replicate 1 under other unusual-quantity settings.

Sheet Orders
A1: Seq | B1: Simulated day | C1: Company | D1: Contact person | E1: E-mail | F1: Phone | G1: Region | H1: Lines | I1: Units | J1: Items (SKU × qty @ unit price) | K1: Subtotal (₦) | L1: Delivery fee (₦) | M1: Tax (₦) | N1: Total (₦) | O1: Planted error | P1: Has rule | Q1: Outcome | R1: Flagged | S1: Status after submit | T1: Rules triggered | U1: Messages shown | V1: Validation time (ms)
A2: 1 | B2: 1 | C2: Greenfield Estates Nigeria | D2: Ngozi Eze | E2: ngozi.eze@greenfield7.example | F2: 08030733103 | G2: Lekki-Ajah | H2: 3 | I2: 186 | J2: PVC-2 × 2 @ 4,100; WIRE-25 × 3 @ 52,000; CEM-50 × 181 @ 9,500 | K2: 1883700 | L2: 6000 | M2: 141727.5 | N2: 2031427.5 | O2: Clean order (no error) | P2: No | Q2: warn | R2: =IF(Q2="pass","No","Yes") -> Yes | S2: pending_approval | T2: Unusual quantity | U2: Cement, 50 kg bag: 181 is far above this customer's usual 23. | V2: 10.655
A3: 2 | B3: 1 | C3: Adeyemi & Sons Construction Ltd | D3: Folake Adeyemi | E3: folake.adeyemi@adeyemi1.example | F3: 08030104729 | G3: Ikeja | H3: 1 | I3: 47 | J3: TIL-6060 × 47 @ 14,500 | K3: 681500 | L3: 4500 | M3: 51450 | N3: 737450 | O3: Clean order (no error) | P3: No | Q3: pass | R3: =IF(Q3="pass","No","Yes") -> No | S3: pending_approval | V3: 4.81
A4: 3 | B4: 1 | C4: Bodija Interiors | D4: Segun Olatunji | E4: segun.olatunji@bodija16.example | F4: 08031675664 | G4: Ibadan | H4: 1 | I4: 18 | J4: PNT-20W × 18 @ 38,000 | K4: 684000 | L4: 9000 | M4: 51975 | N4: 744975 | O4: Wrong (but valid) product chosen | P4: No | Q4: pass | R4: =IF(Q4="pass","No","Yes") -> No | S4: pending_approval | V4: 4.606
A5: 4 | B5: 1 | C5: Surulere Paint & Finish | D5: Uche Nwosu | E5: uche.nwosu@surulere12.example | F5: 08031256748 | G5: Lagos Mainland | H5: 3 | I5: 25 | J5: PVC-2 × 2 @ 4,100; NAIL-3 × 14 @ 31,000; CEM-50 × 9 @ 9,500 | K5: 527700 | L5: 4000 | M5: 39877.5 | N5: 571577.5 | O5: Quantity below minimum | P5: Yes | Q5: fail | R5: =IF(Q5="pass","No","Yes") -> Yes | S5: validation_failed | T5: Quantity limits | U5: Cement, 50 kg bag: quantity must be between 10 and 2000. | V5: 16.006
A6: 5 | B6: 1 | C6: Ola-Ade Hardware & Tiles | D6: Babatunde Oladipo | E6: babatunde.oladipo@olaade8.example | F6: 08030837832 | G6: Ikeja | H6: 3 | I6: 117 | J6: PNT-20W × 15 @ 38,000; PNT-20C × 7 @ 38,000; CEM-50 × 95 @ 9,500 | K6: 1738500 | L6: 4500 | M6: 130725 | N6: 1873725 | O6: Delivery date in the past | P6: Yes | Q6: fail | R6: =IF(Q6="pass","No","Yes") -> Yes | S6: validation_failed | T6: Delivery date & address, Unusual quantity | U6: The delivery date is in the past. | Cement, 50 kg bag: 95 is far above this customer's usual 23. | V6: 6.648
A7: 6 | B7: 1 | C7: Adeyemi & Sons Construction Ltd | D7: Folake Adeyemi | E7: folake.adeyemi@adeyemi1.example | F7: 08030104729 | G7: Ikeja | H7: 1 | I7: 47 | J7: TIL-6060 × 47 @ 14,500 | K7: 681500 | L7: 4500 | M7: 51450 | N7: 737450 | O7: Duplicate order | P7: Yes | Q7: warn | R7: =IF(Q7="pass","No","Yes") -> Yes | S7: draft | T7: Duplicate order | U7: This looks like a repeat of ORD-3195. Confirm it is a new order. | V7: 2.536
A8: 7 | B8: 1 | C8: Magodo Residential Ltd | D8: Funmilayo Adeleke | E8: funmilayo.adeleke@magodo19.example | F8: 08031989851 | G8: Ikeja | H8: 1 | I8: 9 | J8: PNT-20C × 9 @ 38,000 | K8: 342000 | L8: 4500 | M8: 25987.5 | N8: 372487.5 | O8: Wrong (but valid) product chosen | P8: No | Q8: pass | R8: =IF(Q8="pass","No","Yes") -> No | S8: pending_approval | V8: 4.713
A9: 8 | B9: 1 | C9: Yaba Tech Hub Builders | D9: Emeka Okafor | E9: emeka.okafor@yaba18.example | F9: 08031885122 | G9: Lagos Mainland | H9: 1 | I9: 203 | J9: CEM-50 × 203 @ 9,500 | K9: 1928500 | L9: 4000 | M9: 144937.5 | N9: 2077437.5 | O9: Plausible quantity typo (20 → 200) | P9: No | Q9: warn | R9: =IF(Q9="pass","No","Yes") -> Yes | S9: pending_approval | T9: Unusual quantity | U9: Cement, 50 kg bag: 203 is far above this customer's usual 23. | V9: 6.232
A10: 9 | B10: 1 | C10: Gwarinpa Homes Ltd | D10: Fatima Sani | E10: fatima.sani@gwarinpa15.example | F10: 08031570935 | G10: Abuja | H10: 3 | I10: 47 | J10: PNT-20W × 19 @ 38,000; PNT-20C × 2 @ 38,000; CEM-50 × 26 @ 9,500 | K10: 1045000 | L10: 15000 | M10: 79500 | N10: 1139500 | O10: Wrong saved address chosen | P10: No | Q10: pass | R10: =IF(Q10="pass","No","Yes") -> No | S10: pending_approval | V10: 6.485
A11: 10 | B11: 1 | C11: Victoria Island Fit-Out Ltd | D11: Chiamaka Obi | E11: chiamaka.obi@victoria17.example | F11: 08031780393 | G11: Lagos Island | H11: 1 | I11: 119 | J11: CEM-50 × 119 @ 9,500 | K11: 1130500 | L11: 5000 | M11: 85162.5 | N11: 1220662.5 | O11: Clean order (no error) | P11: No | Q11: warn | R11: =IF(Q11="pass","No","Yes") -> Yes | S11: pending_approval | T11: Unusual quantity | U11: Cement, 50 kg bag: 119 is far above this customer's usual 23. | V11: 6.738
A12: 11 | B12: 1 | C12: Victoria Island Fit-Out Ltd | D12: Chiamaka Obi | E12: chiamaka.obi@victoria17.example | F12: 08031780393 | G12: Lagos Island | H12: 2 | I12: 100 | J12: ROOF-AL × 30 @ 12,500; ROD-16 × 70 @ 11,800 | K12: 1201000 | L12: 5000 | M12: 90450 | N12: 1296450 | O12: Clean order (no error) | P12: No | Q12: pass | R12: =IF(Q12="pass","No","Yes") -> No | S12: pending_approval | V12: 2.948
A13: 12 | B13: 1 | C13: Ajah Sunrise Housing Co-op | D13: Blessing Okoro | E13: blessing.okoro@ajah14.example | F13: 08031466206 | G13: Lekki-Ajah | H13: 4 | I13: 71 | J13: SAND-T × 1 @ 185,000; ROOF-AL × 36 @ 12,500; WIRE-25 × 7 @ 52,000; CEM-50 × 27 @ 9,500 | K13: 1255500 | L13: 6000 | M13: 94612.5 | N13: 1356112.5 | O13: Discontinued product | P13: Yes | Q13: fail | R13: =IF(Q13="pass","No","Yes") -> Yes | S13: validation_failed | T13: SKU / product active, Stock availability | U13: SAND-T is no longer sold. Remove it. | Sharp sand, 20 tonne trip is out of stock. | V13: 6.525
A14: 13 | B14: 1 | C14: Victoria Island Fit-Out Ltd | D14: Chiamaka Obi | E14: chiamaka.obi@victoria17.example | F14: 08031780393 | G14: Lagos Island | H14: 2 | I14: 100 | J14: ROOF-AL × 30 @ 12,500; ROD-16 × 70 @ 11,800 | K14: 1201000 | L14: 5000 | M14: 90450 | N14: 1296450 | O14: Duplicate order | P14: Yes | Q14: warn | R14: =IF(Q14="pass","No","Yes") -> Yes | S14: draft | T14: Duplicate order | U14: This looks like a repeat of ORD-3204. Confirm it is a new order. | V14: 1.765
A15: 14 | B15: 1 | C15: Yaba Tech Hub Builders | D15: Emeka Okafor | E15: emeka.okafor@yaba18.example | F15: 08031885122 | G15: Lagos Mainland | H15: 3 | I15: 28 | J15: ROOF-AL × 11 @ 12,500; TIL-6060 × 16 @ 14,500; PNT-20C × 1 @ 38,000 | K15: 407500 | L15: 4000 | M15: 30862.5 | N15: 442362.5 | O15: Clean order (no error) | P15: No | Q15: pass | R15: =IF(Q15="pass","No","Yes") -> No | S15: pending_approval | V15: 3.562
A16: 15 | B16: 1 | C16: Lekki Coastal Developers | D16: Amina Bello | E16: amina.bello@lekki4.example | F16: 08030418916 | G16: Lekki-Ajah | H16: 4 | I16: 45 | J16: SAND-T × 1 @ 185,000; ROOF-AL × 20 @ 12,500; PNT-20W × 16 @ 38,000; PNT-20C × 8 @ 38,000 | K16: 1347000 | L16: 6000 | M16: 101475 | N16: 1454475 | O16: Discontinued product | P16: Yes | Q16: fail | R16: =IF(Q16="pass","No","Yes") -> Yes | S16: validation_failed | T16: SKU / product active, Stock availability | U16: SAND-T is no longer sold. Remove it. | Sharp sand, 20 tonne trip is out of stock. | V16: 3.303
A17: 16 | B17: 1 | C17: Oyo Central Builders | D17: Adewale Akinyemi | E17: adewale.akinyemi@oyo10.example | F17: 08031047290 | G17: (none) | H17: 2 | I17: 24 | J17: PNT-20W × 18 @ 38,000; WIRE-25 × 6 @ 52,000 | K17: 996000 | L17: 0 | M17: 74700 | N17: 1070700 | O17: Missing delivery address | P17: Yes | Q17: fail | R17: =IF(Q17="pass","No","Yes") -> Yes | S17: validation_failed | T17: Mandatory fields | U17: Choose a delivery address. | V17: 2.709
A18: 17 | B18: 1 | C18: Adeyemi & Sons Construction Ltd | D18: Folake Adeyemi | E18: folake.adeyemi@adeyemi1.example | F18: 08030104729 | G18: Ikeja | H18: 3 | I18: 76 | J18: ROOF-AL × 44 @ 12,500; WIRE-25 × 5 @ 52,000; ROD-16 × 27 @ 11,800 | K18: 1128600 | L18: 4500 | M18: 84982.5 | N18: 1218082.5 | O18: Fractional quantity | P18: Yes | Q18: fail | R18: =IF(Q18="pass","No","Yes") -> Yes | S18: validation_failed | T18: Quantity limits | U18: CEM-50 - Quantity must be a whole number | V18: 3.164
A19: 18 | B19: 1 | C19: Marina Point Facilities | D19: Kemi Lawson | E19: kemi.lawson@marina11.example | F19: 08031152019 | G19: Lagos Island | H19: 2 | I19: 873 | J19: PVC-4 × 53 @ 8,600; TIL-6060 × 820 @ 14,500 | K19: 12345800 | L19: 5000 | M19: 926310 | N19: 13277110 | O19: Quantity above maximum | P19: Yes | Q19: fail | R19: =IF(Q19="pass","No","Yes") -> Yes | S19: validation_failed | T19: Quantity limits, Stock availability | U19: Floor tile 60x60, carton: quantity must be between 2 and 800. | Floor tile 60x60, carton: not enough stock for this quantity. Reduce it. | V19: 3.028
A20: 19 | B20: 1 | C20: Bodija Interiors | D20: Segun Olatunji | E20: segun.olatunji@bodija16.example | F20: 08031675664 | G20: Ibadan | H20: 1 | I20: 3 | J20: PNT-20C × 3 @ 38,000 | K20: 114000 | L20: 9000 | M20: 9225 | N20: 132225 | O20: Clean order (no error) | P20: No | Q20: pass | R20: =IF(Q20="pass","No","Yes") -> No | S20: pending_approval | V20: 3.085
A21: 20 | B21: 1 | C21: Ola-Ade Hardware & Tiles | D21: Babatunde Oladipo | E21: babatunde.oladipo@olaade8.example | F21: 08030837832 | G21: Ikeja | H21: 1 | I21: 33 | J21: ROD-16 × 33 @ 11,800 | K21: 389400 | L21: 4500 | M21: 29542.5 | N21: 423442.5 | O21: Clean order (no error) | P21: No | Q21: pass | R21: =IF(Q21="pass","No","Yes") -> No | S21: pending_approval | V21: 3.016
A22: 21 | B22: 1 | C22: Ajah Sunrise Housing Co-op | D22: Blessing Okoro | E22: blessing.okoro@ajah14.example | F22: 08031466206 | G22: Lekki-Ajah | H22: 2 | I22: 125 | J22: ROD-12 × 65 @ 7,200; CEM-50 × 60 @ 9,500 | K22: 1038000 | L22: 6000 | M22: 78300 | N22: 1122300 | O22: Wrong saved address chosen | P22: No | Q22: warn | R22: =IF(Q22="pass","No","Yes") -> Yes | S22: pending_approval | T22: Unusual quantity | U22: Iron rod, 12 mm: 65 is far above this customer's usual 13. | V22: 10.714
A23: 22 | B23: 1 | C23: Ibadan Prime Homes Ltd | D23: Oluwaseun Afolabi | E23: oluwaseun.afolabi@ibadan3.example | F23: 08030314187 | G23: Ibadan | H23: 4 | I23: 511 | J23: PVC-4 × 27 @ 8,600; ROOF-AL × 57 @ 12,500; ROD-12 × 126 @ 7,200; ROD-16 × 301 @ 11,800 | K23: 5403700 | L23: 9000 | M23: 405952.5 | N23: 5818652.5 | O23: Quantity above available stock | P23: Yes | Q23: fail | R23: =IF(Q23="pass","No","Yes") -> Yes | S23: validation_failed | T23: Stock availability, Unusual quantity | U23: Iron rod, 16 mm: not enough stock for this quantity. Reduce it. | Iron rod, 12 mm: 126 is far above this customer's usual 13. | V23: 7.158
A24: 23 | B24: 1 | C24: Lekki Coastal Developers | D24: Amina Bello | E24: amina.bello@lekki4.example | F24: 08030418916 | G24: (none) | H24: 2 | I24: 16 | J24: PVC-2 × 2 @ 4,100; ROD-16 × 14 @ 11,800 | K24: 173400 | L24: 0 | M24: 13005 | N24: 186405 | O24: Missing delivery address | P24: Yes | Q24: fail | R24: =IF(Q24="pass","No","Yes") -> Yes | S24: validation_failed | T24: Mandatory fields | U24: Choose a delivery address. | V24: 2.859
A25: 24 | B25: 1 | C25: Yaba Tech Hub Builders | D25: Emeka Okafor | E25: emeka.okafor@yaba18.example | F25: 08031885122 | G25: Lagos Mainland | H25: 3 | I25: 124 | J25: ROD-12 × 109 @ 7,200; PVC-2 × 2 @ 4,100; NAIL-3 × 13 @ 31,000 | K25: 1196000 | L25: 4000 | M25: 90000 | N25: 1290000 | O25: Clean order (no error) | P25: No | Q25: warn | R25: =IF(Q25="pass","No","Yes") -> Yes | S25: pending_approval | T25: Unusual quantity | U25: Iron rod, 12 mm: 109 is far above this customer's usual 13. | V25: 7.385
A26: 25 | B26: 1 | C26: Apapa Port Works Supplies | D26: Garba Usman | E26: garba.usman@apapa20.example | F26: 08032094580 | G26: Lagos Mainland | H26: 3 | I26: 133 | J26: PVC-4 × 32 @ 8,600; ROOF-AL × 61 @ 12,500; TIL-6060 × 40 @ 14,500 | K26: 1617700 | L26: 4000 | M26: 121627.5 | N26: 1743327.5 | O26: Clean order (no error) | P26: No | Q26: pass | R26: =IF(Q26="pass","No","Yes") -> No | S26: pending_approval | V26: 3.827
A27: 26 | B27: 1 | C27: Surulere Paint & Finish | D27: Uche Nwosu | E27: uche.nwosu@surulere12.example | F27: 08031256748 | G27: Lagos Mainland | H27: 1 | I27: 104 | J27: CEM-50 × 104 @ 9,500 | K27: 988000 | L27: 4000 | M27: 74400 | N27: 1066400 | O27: Fractional quantity | P27: Yes | Q27: fail | R27: =IF(Q27="pass","No","Yes") -> Yes | S27: validation_failed | T27: Quantity limits, Unusual quantity | U27: PVC-4 - Quantity must be a whole number | Cement, 50 kg bag: 104 is far above this customer's usual 23. | V27: 6.991
A28: 27 | B28: 1 | C28: Victoria Island Fit-Out Ltd | D28: Chiamaka Obi | E28: chiamaka.obi@victoria17.example | F28: 08031780393 | G28: Lagos Island | H28: 1 | I28: 60 | J28: PVC-4 × 60 @ 8,600 | K28: 516000 | L28: 5000 | M28: 39075 | N28: 560075 | O28: Wrong saved address chosen | P28: No | Q28: pass | R28: =IF(Q28="pass","No","Yes") -> No | S28: pending_approval | V28: 3.232
A29: 28 | B29: 1 | C29: Eko Bridge Contractors | D29: Tolulope Ogunleye | E29: tolulope.ogunleye@eko6.example | F29: 08030628374 | G29: Lagos Island | H29: 3 | I29: 68 | J29: PVC-4 × 61 @ 8,600; PVC-2 × 2 @ 4,100; NAIL-3 × 5 @ 31,000 | K29: 687800 | L29: 5000 | M29: 51960 | N29: 744760 | O29: Wrong saved address chosen | P29: No | Q29: pass | R29: =IF(Q29="pass","No","Yes") -> No | S29: pending_approval | V29: 3.709
A30: 29 | B30: 1 | C30: Northgate Realty Abuja | D30: Ibrahim Musa | E30: ibrahim.musa@northgate5.example | F30: 08030523645 | G30: Abuja | H30: 3 | I30: 84 | J30: ROOF-AL × 56 @ 12,500; PNT-20W × 15 @ 38,000; WIRE-25 × 13 @ 52,000 | K30: 1946000 | L30: 15000 | M30: 147075 | N30: 2108075 | O30: Clean order (no error) | P30: No | Q30: pass | R30: =IF(Q30="pass","No","Yes") -> No | S30: pending_approval | V30: 3.971
A31: 30 | B31: 1 | C31: Apapa Port Works Supplies | D31: Garba Usman | E31: garba.usman@apapa20.example | F31: 08032094580 | G31: Lagos Mainland | H31: 4 | I31: 1065 | J31: PVC-4 × 14 @ 8,600; ROOF-AL × 31 @ 12,500; NAIL-3 × 4 @ 31,000; ROD-16 × 1016 @ 11,800 | K31: 12620700 | L31: 4000 | M31: 946852.5 | N31: 13571552 | O31: Quantity above maximum | P31: Yes | Q31: fail | R31: =IF(Q31="pass","No","Yes") -> Yes | S31: validation_failed | T31: Quantity limits, Stock availability | U31: Iron rod, 16 mm: quantity must be between 5 and 1000. | Iron rod, 16 mm: not enough stock for this quantity. Reduce it. | V31: 4.201
A32: 31 | B32: 1 | C32: Kanu Brothers Building Supplies | D32: Chukwuemeka Kanu | E32: chukwuemeka.kanu@kanu2.example | F32: 08030209458 | G32: Lagos Mainland | H32: 3 | I32: 14 | J32: PNT-20C × 6 @ 38,000; PVC-2 × 2 @ 4,100; NAIL-3 × 6 @ 31,000 | K32: 422200 | L32: 4000 | M32: 31965 | N32: 458165 | O32: Clean order (no error) | P32: No | Q32: pass | R32: =IF(Q32="pass","No","Yes") -> No | S32: pending_approval | V32: 4.006
A33: 32 | B33: 1 | C33: Lekki Coastal Developers | D33: Amina Bello | E33: amina.bello@lekki4.example | F33: 08030418916 | G33: (none) | H33: 3 | I33: 18 | J33: PVC-2 × 2 @ 4,100; NAIL-3 × 5 @ 31,000; WIRE-25 × 11 @ 52,000 | K33: 735200 | L33: 0 | M33: 55140 | N33: 790340 | O33: Missing delivery address | P33: Yes | Q33: fail | R33: =IF(Q33="pass","No","Yes") -> Yes | S33: validation_failed | T33: Mandatory fields | U33: Choose a delivery address. | V33: 3.365
A34: 33 | B34: 1 | C34: Marina Point Facilities | D34: Kemi Lawson | E34: kemi.lawson@marina11.example | F34: 08031152019 | G34: Lagos Island | H34: 1 | I34: 29 | J34: TIL-6060 × 29 @ 14,500 | K34: 420500 | L34: 5000 | M34: 31912.5 | N34: 457412.5 | O34: Clean order (no error) | P34: No | Q34: pass | R34: =IF(Q34="pass","No","Yes") -> No | S34: pending_approval | V34: 3.305
A35: 34 | B35: 1 | C35: Adeyemi & Sons Construction Ltd | D35: Folake Adeyemi | E35: folake.adeyemi@adeyemi1.example | F35: 08030104729 | G35: Ikeja | H35: 0 | I35: 0 | K35: 0 | L35: 4500 | M35: 337.5 | N35: 4837.5 | O35: Wrong (but valid) product chosen | P35: No | Q35: fail | R35: =IF(Q35="pass","No","Yes") -> Yes | S35: validation_failed | T35: Quantity limits | U35: line - Quantity must be a whole number | V35: 2.424
A36: 35 | B36: 1 | C36: Marina Point Facilities | D36: Kemi Lawson | E36: kemi.lawson@marina11.example | F36: 08031152019 | G36: Lagos Island | H36: 1 | I36: 123 | J36: ROD-12 × 123 @ 7,200 | K36: 885600 | L36: 5000 | M36: 66795 | N36: 957395 | O36: Clean order (no error) | P36: No | Q36: warn | R36: =IF(Q36="pass","No","Yes") -> Yes | S36: pending_approval | T36: Unusual quantity | U36: Iron rod, 12 mm: 123 is far above this customer's usual 13. | V36: 7.18
A37: 36 | B37: 1 | C37: Marina Point Facilities | D37: Kemi Lawson | E37: kemi.lawson@marina11.example | F37: 08031152019 | G37: Lagos Island | H37: 2 | I37: 263 | J37: PVC-4 × 251 @ 8,600; WIRE-25 × 12 @ 52,000 | K37: 2782600 | L37: 5000 | M37: 209070 | N37: 2996670 | O37: Quantity above available stock | P37: Yes | Q37: fail | R37: =IF(Q37="pass","No","Yes") -> Yes | S37: validation_failed | T37: Stock availability | U37: PVC pipe, 4 inch, 6 m: not enough stock for this quantity. Reduce it. | V37: 3.491
A38: 37 | B38: 1 | C38: Surulere Paint & Finish | D38: Uche Nwosu | E38: uche.nwosu@surulere12.example | F38: 08031256748 | G38: Lagos Mainland | H38: 2 | I38: 50 | J38: TIL-6060 × 48 @ 14,500; PVC-2 × 2 @ 4,100 | K38: 704200 | L38: 4000 | M38: 53115 | N38: 761315 | O38: Clean order (no error) | P38: No | Q38: pass | R38: =IF(Q38="pass","No","Yes") -> No | S38: pending_approval | V38: 3.895
A39: 38 | B39: 1 | C39: Ajah Sunrise Housing Co-op | D39: Blessing Okoro | E39: blessing.okoro@ajah14.example | F39: 08031466206 | G39: Lekki-Ajah | H39: 3 | I39: 91 | J39: PVC-4 × 44 @ 8,600; ROOF-AL × 39 @ 12,500; PNT-20C × 8 @ 38,000 | K39: 1169900 | L39: 6000 | M39: 88192.5 | N39: 1264092.5 | O39: Clean order (no error) | P39: No | Q39: pass | R39: =IF(Q39="pass","No","Yes") -> No | S39: pending_approval | V39: 4.634
A40: 39 | B40: 1 | C40: Agege Steel Works | D40: Yusuf Adebanjo | E40: yusuf.adebanjo@agege13.example | F40: 08031361477 | G40: Ikeja | H40: 3 | I40: 117 | J40: ROOF-AL × 43 @ 12,500; ROD-12 × 68 @ 7,200; PNT-20C × 6 @ 38,000 | K40: 1255100 | L40: 4500 | M40: 94470 | N40: 1354070 | O40: Clean order (no error) | P40: No | Q40: warn | R40: =IF(Q40="pass","No","Yes") -> Yes | S40: pending_approval | T40: Unusual quantity | U40: Iron rod, 12 mm: 68 is far above this customer's usual 13. | V40: 8.802
A41: 40 | B41: 1 | C41: Northgate Realty Abuja | D41: Ibrahim Musa | E41: ibrahim.musa@northgate5.example | F41: 08030523645 | G41: Abuja | H41: 1 | I41: 14 | J41: PNT-20W × 14 @ 38,000 | K41: 532000 | L41: 15000 | M41: 41025 | N41: 588025 | O41: Wrong (but valid) product chosen | P41: No | Q41: pass | R41: =IF(Q41="pass","No","Yes") -> No | S41: pending_approval | V41: 3.505
A42: 41 | B42: 1 | C42: Marina Point Facilities | D42: Kemi Lawson | E42: kemi.lawson@marina11.example | F42: 08031152019 | G42: Lagos Island | H42: 3 | I42: 104 | J42: ROOF-AL × 45 @ 12,500; TIL-6060 × 57 @ 14,500; PVC-2 × 2 @ 4,100 | K42: 1397200 | L42: 5000 | M42: 105165 | N42: 1507365 | O42: Clean order (no error) | P42: No | Q42: pass | R42: =IF(Q42="pass","No","Yes") -> No | S42: pending_approval | V42: 4.933
A43: 42 | B43: 1 | C43: Ajah Sunrise Housing Co-op | D43: Blessing Okoro | E43: blessing.okoro@ajah14.example | F43: 08031466206 | G43: Lekki-Ajah | H43: 2 | I43: 23 | J43: TIL-6060 × 14 @ 14,500; NAIL-3 × 9 @ 31,000 | K43: 482000 | L43: 6000 | M43: 36600 | N43: 524600 | O43: Fractional quantity | P43: Yes | Q43: fail | R43: =IF(Q43="pass","No","Yes") -> Yes | S43: validation_failed | T43: Quantity limits | U43: CEM-50 - Quantity must be a whole number | V43: 3.582
A44: 43 | B44: 1 | C44: Adeyemi & Sons Construction Ltd | D44: Folake Adeyemi | E44: folake.adeyemi@adeyemi1.example | F44: 08030104729 | G44: Ikeja | H44: 2 | I44: 100 | J44: TIL-6060 × 78 @ 14,500; ROD-12 × 22 @ 7,200 | K44: 1289400 | L44: 4500 | M44: 97042.5 | N44: 1390942.5 | O44: Wrong saved address chosen | P44: No | Q44: pass | R44: =IF(Q44="pass","No","Yes") -> No | S44: pending_approval | V44: 8.338
A45: 44 | B45: 1 | C45: Ajah Sunrise Housing Co-op | D45: Blessing Okoro | E45: blessing.okoro@ajah14.example | F45: 08031466206 | G45: Lekki-Ajah | H45: 3 | I45: 123 | J45: ROOF-AL × 57 @ 12,500; ROD-12 × 64 @ 7,200; PVC-2 × 2 @ 4,100 | K45: 1181500 | L45: 6000 | M45: 89062.5 | N45: 1276562.5 | O45: Missing delivery date | P45: Yes | Q45: fail | R45: =IF(Q45="pass","No","Yes") -> Yes | S45: validation_failed | T45: Mandatory fields | U45: Choose a delivery date. | V45: 8.921
A46: 45 | B46: 1 | C46: Northgate Realty Abuja | D46: Ibrahim Musa | E46: ibrahim.musa@northgate5.example | F46: 08030523645 | G46: Abuja | H46: 3 | I46: 111 | J46: PVC-4 × 61 @ 8,600; ROD-12 × 48 @ 7,200; PVC-2 × 2 @ 4,100 | K46: 878400 | L46: 15000 | M46: 67005 | N46: 960405 | O46: Clean order (no error) | P46: No | Q46: warn | R46: =IF(Q46="pass","No","Yes") -> Yes | S46: pending_approval | T46: Unusual quantity | U46: Iron rod, 12 mm: 48 is far above this customer's usual 13. | V46: 9.296
A47: 46 | B47: 1 | C47: Oyo Central Builders | D47: Adewale Akinyemi | E47: adewale.akinyemi@oyo10.example | F47: 08031047290 | G47: Ibadan | H47: 3 | I47: 929 | J47: TIL-6060 × 822 @ 14,500; WIRE-25 × 14 @ 52,000; CEM-50 × 93 @ 9,500 | K47: 13530500 | L47: 9000 | M47: 1015462.5 | N47: 14554962 | O47: Quantity above maximum | P47: Yes | Q47: fail | R47: =IF(Q47="pass","No","Yes") -> Yes | S47: validation_failed | T47: Quantity limits, Stock availability, Unusual quantity | U47: Floor tile 60x60, carton: quantity must be between 2 and 800. | Floor tile 60x60, carton: not enough stock for this quantity. Reduce it. | Cement, 50 kg bag: 93 is far above this customer's usual 23. | V47: 9.252
A48: 47 | B48: 1 | C48: Lekki Coastal Developers | D48: Amina Bello | E48: amina.bello@lekki4.example | F48: 08030418916 | G48: Lekki-Ajah | H48: 3 | I48: 139 | J48: PNT-20W × 1 @ 38,000; ROD-12 × 131 @ 7,200; NAIL-3 × 7 @ 31,000 | K48: 1198200 | L48: 6000 | M48: 90315 | N48: 1294515 | O48: Clean order (no error) | P48: No | Q48: warn | R48: =IF(Q48="pass","No","Yes") -> Yes | S48: pending_approval | T48: Unusual quantity | U48: Iron rod, 12 mm: 131 is far above this customer's usual 13. | V48: 9.071
A49: 48 | B49: 1 | C49: Ajah Sunrise Housing Co-op | D49: Blessing Okoro | E49: blessing.okoro@ajah14.example | F49: 08031466206 | G49: Lekki-Ajah | H49: 2 | I49: 121 | J49: ROOF-AL × 72 @ 12,500; ROD-16 × 49 @ 11,800 | K49: 1478200 | L49: 6000 | M49: 111315 | N49: 1595515 | O49: Clean order (no error) | P49: No | Q49: pass | R49: =IF(Q49="pass","No","Yes") -> No | S49: pending_approval | V49: 4.711
A50: 49 | B50: 1 | C50: Ola-Ade Hardware & Tiles | D50: Babatunde Oladipo | E50: babatunde.oladipo@olaade8.example | F50: 08030837832 | G50: (none) | H50: 2 | I50: 86 | J50: TIL-6060 × 84 @ 14,500; PVC-2 × 2 @ 4,100 | K50: 1226200 | L50: 0 | M50: 91965 | N50: 1318165 | O50: Missing delivery address | P50: Yes | Q50: fail | R50: =IF(Q50="pass","No","Yes") -> Yes | S50: validation_failed | T50: Mandatory fields | U50: Choose a delivery address. | V50: 4.149
A51: 50 | B51: 1 | C51: Ajah Sunrise Housing Co-op | D51: Blessing Okoro | E51: blessing.okoro@ajah14.example | F51: 08031466206 | G51: Lekki-Ajah | H51: 2 | I51: 121 | J51: ROOF-AL × 72 @ 12,500; ROD-16 × 49 @ 11,800 | K51: 1478200 | L51: 6000 | M51: 111315 | N51: 1595515 | O51: Duplicate order | P51: Yes | Q51: warn | R51: =IF(Q51="pass","No","Yes") -> Yes | S51: draft | T51: Duplicate order | U51: This looks like a repeat of ORD-3241. Confirm it is a new order. | V51: 3.365
A52: 51 | B52: 2 | C52: Surulere Paint & Finish | D52: Uche Nwosu | E52: uche.nwosu@surulere12.example | F52: 08031256748 | G52: Lagos Mainland | H52: 3 | I52: 68 | J52: PVC-4 × 54 @ 8,600; NAIL-3 × 8 @ 31,000; WIRE-25 × 6 @ 52,000 | K52: 1024400 | L52: 4000 | M52: 77130 | N52: 1105530 | O52: Clean order (no error) | P52: No | Q52: pass | R52: =IF(Q52="pass","No","Yes") -> No | S52: pending_approval | V52: 5.036
A53: 52 | B53: 2 | C53: Zuma Rock Engineering | D53: Hauwa Abdullahi | E53: hauwa.abdullahi@zuma9.example | F53: 08030942561 | G53: Abuja | H53: 2 | I53: 97 | J53: TIL-6060 × 87 @ 14,500; PVC-2 × 10 @ 4,100 | K53: 1302500 | L53: 15000 | M53: 98812.5 | N53: 1416312.5 | O53: Quantity above available stock | P53: Yes | Q53: fail | R53: =IF(Q53="pass","No","Yes") -> Yes | S53: validation_failed | T53: Stock availability | U53: PVC pipe, 2 inch, 6 m: only 9 left. Reduce the quantity. | V53: 4.398
A54: 53 | B54: 2 | C54: Ola-Ade Hardware & Tiles | D54: Babatunde Oladipo | E54: babatunde.oladipo@olaade8.example | F54: 08030837832 | G54: Ikeja | H54: 1 | I54: 46 | J54: PVC-4 × 46 @ 8,600 | K54: 395600 | L54: 4500 | M54: 30007.5 | N54: 430107.5 | O54: Clean order (no error) | P54: No | Q54: pass | R54: =IF(Q54="pass","No","Yes") -> No | S54: pending_approval | V54: 3.888
A55: 54 | B55: 2 | C55: Ajah Sunrise Housing Co-op | D55: Blessing Okoro | E55: blessing.okoro@ajah14.example | F55: 08031466206 | G55: Lekki-Ajah | H55: 2 | I55: 99 | J55: ROOF-AL × 63 @ 12,500; CEM-50 × 36 @ 9,500 | K55: 1129500 | L55: 6000 | M55: 85162.5 | N55: 1220662.5 | O55: Wrong saved address chosen | P55: No | Q55: pass | R55: =IF(Q55="pass","No","Yes") -> No | S55: pending_approval | V55: 10.213
A56: 55 | B56: 2 | C56: Agege Steel Works | D56: Yusuf Adebanjo | E56: yusuf.adebanjo@agege13.example | F56: 08031361477 | G56: Ikeja | H56: 3 | I56: 71 | J56: PVC-4 × 5 @ 8,600; PVC-2 × 2 @ 4,100; CEM-50 × 64 @ 9,500 | K56: 659200 | L56: 4500 | M56: 49777.5 | N56: 713477.5 | O56: Clean order (no error) | P56: No | Q56: pass | R56: =IF(Q56="pass","No","Yes") -> No | S56: pending_approval | V56: 10.138
A57: 56 | B57: 2 | C57: Magodo Residential Ltd | D57: Funmilayo Adeleke | E57: funmilayo.adeleke@magodo19.example | F57: 08031989851 | G57: Ikeja | H57: 2 | I57: 130 | J57: SAND-T × 1 @ 185,000; ROD-12 × 129 @ 7,200 | K57: 1113800 | L57: 4500 | M57: 83872.5 | N57: 1202172.5 | O57: Discontinued product | P57: Yes | Q57: fail | R57: =IF(Q57="pass","No","Yes") -> Yes | S57: validation_failed | T57: SKU / product active, Stock availability, Unusual quantity | U57: SAND-T is no longer sold. Remove it. | Sharp sand, 20 tonne trip is out of stock. | Iron rod, 12 mm: 129 is far above this customer's usual 13. | V57: 8.533
A58: 57 | B58: 2 | C58: Marina Point Facilities | D58: Kemi Lawson | E58: kemi.lawson@marina11.example | F58: 08031152019 | G58: Lagos Island | H58: 3 | I58: 127 | J58: TIL-6060 × 86 @ 14,500; ROD-12 × 38 @ 7,200; NAIL-3 × 3 @ 31,000 | K58: 1613600 | L58: 5000 | M58: 121395 | N58: 1739995 | O58: Clean order (no error) | P58: No | Q58: pass | R58: =IF(Q58="pass","No","Yes") -> No | S58: pending_approval | V58: 10.439
A59: 58 | B59: 2 | C59: Ajah Sunrise Housing Co-op | D59: Blessing Okoro | E59: blessing.okoro@ajah14.example | F59: 08031466206 | G59: Lekki-Ajah | H59: 2 | I59: 3 | J59: SAND-T × 1 @ 185,000; PVC-2 × 2 @ 4,100 | K59: 193200 | L59: 6000 | M59: 14940 | N59: 214140 | O59: Discontinued product | P59: Yes | Q59: fail | R59: =IF(Q59="pass","No","Yes") -> Yes | S59: validation_failed | T59: SKU / product active, Stock availability | U59: SAND-T is no longer sold. Remove it. | Sharp sand, 20 tonne trip is out of stock. | V59: 4.399
A60: 59 | B60: 2 | C60: Agege Steel Works | D60: Yusuf Adebanjo | E60: yusuf.adebanjo@agege13.example | F60: 08031361477 | G60: Ikeja | H60: 3 | I60: 23 | J60: PNT-20C × 6 @ 38,000; WIRE-25 × 8 @ 52,000; CEM-50 × 9 @ 9,500 | K60: 729500 | L60: 4500 | M60: 55050 | N60: 789050 | O60: Quantity below minimum | P60: Yes | Q60: fail | R60: =IF(Q60="pass","No","Yes") -> Yes | S60: validation_failed | T60: Quantity limits | U60: Cement, 50 kg bag: quantity must be between 10 and 2000. | V60: 9.759
A61: 60 | B61: 2 | C61: Marina Point Facilities | D61: Kemi Lawson | E61: kemi.lawson@marina11.example | F61: 08031152019 | G61: Lagos Island | H61: 1 | I61: 54 | J61: ROD-16 × 54 @ 11,800 | K61: 637200 | L61: 5000 | M61: 48165 | N61: 690365 | O61: Delivery date in the past | P61: Yes | Q61: fail | R61: =IF(Q61="pass","No","Yes") -> Yes | S61: validation_failed | T61: Delivery date & address | U61: The delivery date is in the past. | V61: 3.39
A62: 61 | B62: 2 | C62: Greenfield Estates Nigeria | D62: Ngozi Eze | E62: ngozi.eze@greenfield7.example | F62: 08030733103 | G62: Lekki-Ajah | H62: 1 | I62: 2 | J62: PVC-2 × 2 @ 4,100 | K62: 8200 | L62: 6000 | M62: 1065 | N62: 15265 | O62: Clean order (no error) | P62: No | Q62: pass | R62: =IF(Q62="pass","No","Yes") -> No | S62: pending_approval | V62: 4.274
A63: 62 | B63: 2 | C63: Eko Bridge Contractors | D63: Tolulope Ogunleye | E63: tolulope.ogunleye@eko6.example | F63: 08030628374 | G63: Lagos Island | H63: 1 | I63: 60 | J63: PVC-4 × 60 @ 8,600 | K63: 516000 | L63: 5000 | M63: 39075 | N63: 560075 | O63: Clean order (no error) | P63: No | Q63: pass | R63: =IF(Q63="pass","No","Yes") -> No | S63: pending_approval | V63: 4.146
A64: 63 | B64: 2 | C64: Zuma Rock Engineering | D64: Hauwa Abdullahi | E64: hauwa.abdullahi@zuma9.example | F64: 08030942561 | G64: Abuja | H64: 1 | I64: 211 | J64: CEM-50 × 211 @ 9,500 | K64: 2004500 | L64: 15000 | M64: 151462.5 | N64: 2170962.5 | O64: Plausible quantity typo (20 → 200) | P64: No | Q64: warn | R64: =IF(Q64="pass","No","Yes") -> Yes | S64: pending_approval | T64: Unusual quantity | U64: Cement, 50 kg bag: 211 is far above this customer's usual 23. | V64: 12.886
A65: 64 | B65: 2 | C65: Eko Bridge Contractors | D65: Tolulope Ogunleye | E65: tolulope.ogunleye@eko6.example | F65: 08030628374 | G65: Lagos Island | H65: 1 | I65: 60 | J65: PVC-4 × 60 @ 8,600 | K65: 516000 | L65: 5000 | M65: 39075 | N65: 560075 | O65: Duplicate order | P65: Yes | Q65: warn | R65: =IF(Q65="pass","No","Yes") -> Yes | S65: draft | T65: Duplicate order | U65: This looks like a repeat of ORD-3255. Confirm it is a new order. | V65: 2.622
A66: 65 | B66: 2 | C66: Ajah Sunrise Housing Co-op | D66: Blessing Okoro | E66: blessing.okoro@ajah14.example | F66: 08031466206 | G66: Lekki-Ajah | H66: 3 | I66: 120 | J66: ROOF-AL × 65 @ 12,500; WIRE-25 × 4 @ 52,000; ROD-16 × 51 @ 11,800 | K66: 1622300 | L66: 6000 | M66: 122122.5 | N66: 1750422.5 | O66: Clean order (no error) | P66: No | Q66: pass | R66: =IF(Q66="pass","No","Yes") -> No | S66: pending_approval | V66: 6.034
A67: 66 | B67: 2 | C67: Eko Bridge Contractors | D67: Tolulope Ogunleye | E67: tolulope.ogunleye@eko6.example | F67: 08030628374 | G67: Lagos Island | H67: 1 | I67: 3 | J67: PNT-20W × 3 @ 38,000 | K67: 114000 | L67: 5000 | M67: 8925 | N67: 127925 | O67: Clean order (no error) | P67: No | Q67: pass | R67: =IF(Q67="pass","No","Yes") -> No | S67: pending_approval | V67: 3.887
A68: 67 | B68: 2 | C68: Eko Bridge Contractors | D68: Tolulope Ogunleye | E68: tolulope.ogunleye@eko6.example | F68: 08030628374 | G68: Lagos Island | H68: 3 | I68: 18 | J68: PNT-20W × 10 @ 38,000; PNT-20C × 3 @ 38,000; ROD-16 × 5 @ 11,800 | K68: 553000 | L68: 5000 | M68: 41850 | N68: 599850 | O68: Fractional quantity | P68: Yes | Q68: fail | R68: =IF(Q68="pass","No","Yes") -> Yes | S68: validation_failed | T68: Quantity limits | U68: PVC-4 - Quantity must be a whole number | V68: 5.128
A69: 68 | B69: 2 | C69: Yaba Tech Hub Builders | D69: Emeka Okafor | E69: emeka.okafor@yaba18.example | F69: 08031885122 | G69: Lagos Mainland | H69: 1 | I69: 2 | J69: PNT-20W × 2 @ 38,000 | K69: 76000 | L69: 4000 | M69: 6000 | N69: 86000 | O69: Clean order (no error) | P69: No | Q69: pass | R69: =IF(Q69="pass","No","Yes") -> No | S69: pending_approval | V69: 4.226
A70: 69 | B70: 2 | C70: Ibadan Prime Homes Ltd | D70: Oluwaseun Afolabi | E70: oluwaseun.afolabi@ibadan3.example | F70: 08030314187 | G70: Ibadan | H70: 1 | I70: 33 | J70: ROD-16 × 33 @ 11,800 | K70: 389400 | L70: 9000 | M70: 29880 | N70: 428280 | O70: Fractional quantity | P70: Yes | Q70: fail | R70: =IF(Q70="pass","No","Yes") -> Yes | S70: validation_failed | T70: Quantity limits | U70: ROD-12 - Quantity must be a whole number | V70: 3.61
A71: 70 | B71: 2 | C71: Zuma Rock Engineering | D71: Hauwa Abdullahi | E71: hauwa.abdullahi@zuma9.example | F71: 08030942561 | G71: Abuja | H71: 1 | I71: 55 | J71: ROD-16 × 55 @ 11,800 | K71: 649000 | L71: 15000 | M71: 49800 | N71: 713800 | O71: Clean order (no error) | P71: No | Q71: pass | R71: =IF(Q71="pass","No","Yes") -> No | S71: pending_approval | V71: 4.355
A72: 71 | B72: 2 | C72: Zuma Rock Engineering | D72: Hauwa Abdullahi | E72: hauwa.abdullahi@zuma9.example | F72: 08030942561 | G72: Abuja | H72: 3 | I72: 72 | J72: NAIL-3 × 8 @ 31,000; WIRE-25 × 10 @ 52,000; CEM-50 × 54 @ 9,500 | K72: 1281000 | L72: 15000 | M72: 97200 | N72: 1393200 | O72: Clean order (no error) | P72: No | Q72: pass | R72: =IF(Q72="pass","No","Yes") -> No | S72: pending_approval | V72: 11.216
A73: 72 | B73: 2 | C73: Magodo Residential Ltd | D73: Funmilayo Adeleke | E73: funmilayo.adeleke@magodo19.example | F73: 08031989851 | G73: Ikeja | H73: 4 | I73: 44 | J73: ROOF-AL × 9 @ 12,500; PNT-20W × 20 @ 38,000; NAIL-3 × 11 @ 31,000; WIRE-25 × 4 @ 52,000 | K73: 1421500 | L73: 4500 | M73: 106950 | N73: 1532950 | O73: Quantity below minimum | P73: Yes | Q73: fail | R73: =IF(Q73="pass","No","Yes") -> Yes | S73: validation_failed | T73: Quantity limits | U73: Aluminium roofing sheet, 0.55 mm: quantity must be between 10 and 1000. | V73: 6.874
A74: 73 | B74: 2 | C74: Zuma Rock Engineering | D74: Hauwa Abdullahi | E74: hauwa.abdullahi@zuma9.example | F74: 08030942561 | G74: Abuja | H74: 3 | I74: 74 | J74: NAIL-3 × 14 @ 31,000; WIRE-25 × 6 @ 52,000; CEM-50 × 54 @ 9,500 | K74: 1259000 | L74: 15000 | M74: 95550 | N74: 1369550 | O74: Clean order (no error) | P74: No | Q74: pass | R74: =IF(Q74="pass","No","Yes") -> No | S74: pending_approval | V74: 11.617
A75: 74 | B75: 2 | C75: Ola-Ade Hardware & Tiles | D75: Babatunde Oladipo | E75: babatunde.oladipo@olaade8.example | F75: 08030837832 | G75: Ikeja | H75: 4 | I75: 917 | J75: TIL-6060 × 840 @ 14,500; PVC-2 × 2 @ 4,100; WIRE-25 × 13 @ 52,000; ROD-16 × 62 @ 11,800 | K75: 13595800 | L75: 4500 | M75: 1020022.5 | N75: 14620322 | O75: Quantity above maximum | P75: Yes | Q75: fail | R75: =IF(Q75="pass","No","Yes") -> Yes | S75: validation_failed | T75: Quantity limits, Stock availability | U75: Floor tile 60x60, carton: quantity must be between 2 and 800. | Floor tile 60x60, carton: not enough stock for this quantity. Reduce it. | V75: 7.499
A76: 75 | B76: 2 | C76: Surulere Paint & Finish | D76: Uche Nwosu | E76: uche.nwosu@surulere12.example | F76: 08031256748 | G76: Lagos Mainland | H76: 4 | I76: 91 | J76: TIL-6060 × 69 @ 14,500; PNT-20W × 8 @ 38,000; NAIL-3 × 14 @ 31,000; XX-855 × None (not in catalogue) | K76: 1738500 | L76: 4000 | M76: 130687.5 | N76: 1873187.5 | O76: SKU not in catalogue | P76: Yes | Q76: fail | R76: =IF(Q76="pass","No","Yes") -> Yes | S76: validation_failed | T76: SKU / product active | U76: Row 3: XX-855 - not in the catalogue | V76: 6.048
A77: 76 | B77: 2 | C77: Ibadan Prime Homes Ltd | D77: Oluwaseun Afolabi | E77: oluwaseun.afolabi@ibadan3.example | F77: 08030314187 | G77: Ibadan | H77: 2 | I77: 145 | J77: ROD-12 × 143 @ 7,200; PNT-20C × 2 @ 38,000 | K77: 1105600 | L77: 9000 | M77: 83595 | N77: 1198195 | O77: Clean order (no error) | P77: No | Q77: warn | R77: =IF(Q77="pass","No","Yes") -> Yes | S77: pending_approval | T77: Unusual quantity | U77: Iron rod, 12 mm: 143 is far above this customer's usual 13. | V77: 10.479
A78: 77 | B78: 2 | C78: Yaba Tech Hub Builders | D78: Emeka Okafor | E78: emeka.okafor@yaba18.example | F78: 08031885122 | G78: Lagos Mainland | H78: 1 | I78: 2 | J78: NAIL-3 × 2 @ 31,000 | K78: 62000 | L78: 4000 | M78: 4950 | N78: 70950 | O78: Clean order (no error) | P78: No | Q78: pass | R78: =IF(Q78="pass","No","Yes") -> No | S78: pending_approval | V78: 4.637
A79: 78 | B79: 2 | C79: Yaba Tech Hub Builders | D79: Emeka Okafor | E79: emeka.okafor@yaba18.example | F79: 08031885122 | G79: (none) | H79: 1 | I79: 49 | J79: ROOF-AL × 49 @ 12,500 | K79: 612500 | L79: 0 | M79: 45937.5 | N79: 658437.5 | O79: Missing delivery address | P79: Yes | Q79: fail | R79: =IF(Q79="pass","No","Yes") -> Yes | S79: validation_failed | T79: Mandatory fields | U79: Choose a delivery address. | V79: 4.471
A80: 79 | B80: 2 | C80: Oyo Central Builders | D80: Adewale Akinyemi | E80: adewale.akinyemi@oyo10.example | F80: 08031047290 | G80: Ibadan | H80: 2 | I80: 26 | J80: NAIL-3 × 2 @ 31,000; ROD-16 × 24 @ 11,800 | K80: 345200 | L80: 9000 | M80: 26565 | N80: 380765 | O80: Clean order (no error) | P80: No | Q80: pass | R80: =IF(Q80="pass","No","Yes") -> No | S80: pending_approval | V80: 5.675
A81: 80 | B81: 2 | C81: Magodo Residential Ltd | D81: Funmilayo Adeleke | E81: funmilayo.adeleke@magodo19.example | F81: 08031989851 | G81: Ikeja | H81: 0 | I81: 0 | K81: 0 | L81: 4500 | M81: 337.5 | N81: 4837.5 | O81: Wrong (but valid) product chosen | P81: No | Q81: fail | R81: =IF(Q81="pass","No","Yes") -> Yes | S81: validation_failed | T81: Quantity limits | U81: line - Quantity must be a whole number | V81: 2.73
A82: 81 | B82: 2 | C82: Surulere Paint & Finish | D82: Uche Nwosu | E82: uche.nwosu@surulere12.example | F82: 08031256748 | G82: Lagos Mainland | H82: 3 | I82: 21 | J82: NAIL-3 × 12 @ 31,000; WIRE-25 × 3 @ 52,000; ROD-16 × 6 @ 11,800 | K82: 598800 | L82: 4000 | M82: 45210 | N82: 648010 | O82: Clean order (no error) | P82: No | Q82: pass | R82: =IF(Q82="pass","No","Yes") -> No | S82: pending_approval | V82: 7.114
A83: 82 | B83: 2 | C83: Oyo Central Builders | D83: Adewale Akinyemi | E83: adewale.akinyemi@oyo10.example | F83: 08031047290 | G83: Ibadan | H83: 1 | I83: 14 | J83: WIRE-25 × 14 @ 52,000 | K83: 728000 | L83: 9000 | M83: 55275 | N83: 792275 | O83: Clean order (no error) | P83: No | Q83: pass | R83: =IF(Q83="pass","No","Yes") -> No | S83: pending_approval | V83: 5.183
A84: 83 | B84: 2 | C84: Adeyemi & Sons Construction Ltd | D84: Folake Adeyemi | E84: folake.adeyemi@adeyemi1.example | F84: 08030104729 | G84: Ikeja | H84: 2 | I84: 99 | J84: ROD-12 × 98 @ 7,200; PVC-2 × 1 @ 4,100 | K84: 709700 | L84: 4500 | M84: 53565 | N84: 767765 | O84: Quantity below minimum | P84: Yes | Q84: fail | R84: =IF(Q84="pass","No","Yes") -> Yes | S84: validation_failed | T84: Quantity limits, Unusual quantity | U84: PVC pipe, 2 inch, 6 m: quantity must be between 2 and 500. | Iron rod, 12 mm: 98 is far above this customer's usual 14. | V84: 11.695
A85: 84 | B85: 2 | C85: Adeyemi & Sons Construction Ltd | D85: Folake Adeyemi | E85: folake.adeyemi@adeyemi1.example | F85: 08030104729 | G85: Ikeja | H85: 2 | I85: 41 | J85: SAND-T × 1 @ 185,000; TIL-6060 × 40 @ 14,500 | K85: 765000 | L85: 4500 | M85: 57712.5 | N85: 827212.5 | O85: Discontinued product | P85: Yes | Q85: fail | R85: =IF(Q85="pass","No","Yes") -> Yes | S85: validation_failed | T85: SKU / product active, Stock availability | U85: SAND-T is no longer sold. Remove it. | Sharp sand, 20 tonne trip is out of stock. | V85: 5.135
A86: 85 | B86: 2 | C86: Agege Steel Works | D86: Yusuf Adebanjo | E86: yusuf.adebanjo@agege13.example | F86: 08031361477 | G86: Ikeja | H86: 2 | I86: 87 | J86: PVC-4 × 16 @ 8,600; ROOF-AL × 71 @ 12,500 | K86: 1025100 | L86: 4500 | M86: 77220 | N86: 1106820 | O86: Clean order (no error) | P86: No | Q86: pass | R86: =IF(Q86="pass","No","Yes") -> No | S86: pending_approval | V86: 7.172
A87: 86 | B87: 2 | C87: Yaba Tech Hub Builders | D87: Emeka Okafor | E87: emeka.okafor@yaba18.example | F87: 08031885122 | G87: (none) | H87: 1 | I87: 14 | J87: PNT-20W × 14 @ 38,000 | K87: 532000 | L87: 0 | M87: 39900 | N87: 571900 | O87: Missing delivery address | P87: Yes | Q87: fail | R87: =IF(Q87="pass","No","Yes") -> Yes | S87: validation_failed | T87: Mandatory fields | U87: Choose a delivery address. | V87: 5.538
A88: 87 | B88: 2 | C88: Greenfield Estates Nigeria | D88: Ngozi Eze | E88: ngozi.eze@greenfield7.example | F88: 08030733103 | G88: Lekki-Ajah | H88: 1 | I88: 48 | J88: TIL-6060 × 48 @ 14,500 | K88: 696000 | L88: 6000 | M88: 52650 | N88: 754650 | O88: Clean order (no error) | P88: No | Q88: pass | R88: =IF(Q88="pass","No","Yes") -> No | S88: pending_approval | V88: 5.763
A89: 88 | B89: 2 | C89: Greenfield Estates Nigeria | D89: Ngozi Eze | E89: ngozi.eze@greenfield7.example | F89: 08030733103 | G89: Lekki-Ajah | H89: 1 | I89: 48 | J89: TIL-6060 × 48 @ 14,500 | K89: 696000 | L89: 6000 | M89: 52650 | N89: 754650 | O89: Duplicate order | P89: Yes | Q89: warn | R89: =IF(Q89="pass","No","Yes") -> Yes | S89: draft | T89: Duplicate order | U89: This looks like a repeat of ORD-3280. Confirm it is a new order. | V89: 3.68
A90: 89 | B90: 2 | C90: Greenfield Estates Nigeria | D90: Ngozi Eze | E90: ngozi.eze@greenfield7.example | F90: 08030733103 | G90: Lekki-Ajah | H90: 1 | I90: 48 | J90: TIL-6060 × 48 @ 14,500 | K90: 696000 | L90: 6000 | M90: 52650 | N90: 754650 | O90: Duplicate order | P90: Yes | Q90: warn | R90: =IF(Q90="pass","No","Yes") -> Yes | S90: draft | T90: Duplicate order | U90: This looks like a repeat of ORD-3280. Confirm it is a new order. | V90: 3.75
A91: 90 | B91: 2 | C91: Gwarinpa Homes Ltd | D91: Fatima Sani | E91: fatima.sani@gwarinpa15.example | F91: 08031570935 | G91: Abuja | H91: 1 | I91: 40 | J91: ROOF-AL × 40 @ 12,500 | K91: 500000 | L91: 15000 | M91: 38625 | N91: 553625 | O91: Clean order (no error) | P91: No | Q91: pass | R91: =IF(Q91="pass","No","Yes") -> No | S91: pending_approval | V91: 7.028
A92: 91 | B92: 2 | C92: Bodija Interiors | D92: Segun Olatunji | E92: segun.olatunji@bodija16.example | F92: 08031675664 | G92: Ibadan | H92: 3 | I92: 50 | J92: PVC-4 × 37 @ 8,600; PNT-20C × 9 @ 38,000; ROD-16 × 4 @ 11,800 | K92: 707400 | L92: 9000 | M92: 53730 | N92: 770130 | O92: Quantity below minimum | P92: Yes | Q92: fail | R92: =IF(Q92="pass","No","Yes") -> Yes | S92: validation_failed | T92: Quantity limits | U92: Iron rod, 16 mm: quantity must be between 5 and 1000. | V92: 7.293
A93: 92 | B93: 2 | C93: Greenfield Estates Nigeria | D93: Ngozi Eze | E93: ngozi.eze@greenfield7.example | F93: 08030733103 | G93: Lekki-Ajah | H93: 3 | I93: 145 | J93: PVC-4 × 42 @ 8,600; ROD-12 × 95 @ 7,200; NAIL-3 × 8 @ 31,000 | K93: 1293200 | L93: 6000 | M93: 97440 | N93: 1396640 | O93: Clean order (no error) | P93: No | Q93: warn | R93: =IF(Q93="pass","No","Yes") -> Yes | S93: pending_approval | T93: Unusual quantity | U93: Iron rod, 12 mm: 95 is far above this customer's usual 13. | V93: 14.453
A94: 93 | B94: 2 | C94: Apapa Port Works Supplies | D94: Garba Usman | E94: garba.usman@apapa20.example | F94: 08032094580 | G94: Lagos Mainland | H94: 2 | I94: 18 | J94: ROOF-AL × 18 @ 12,500; XX-479 × None (not in catalogue) | K94: 225000 | L94: 4000 | M94: 17175 | N94: 246175 | O94: SKU not in catalogue | P94: Yes | Q94: fail | R94: =IF(Q94="pass","No","Yes") -> Yes | S94: validation_failed | T94: SKU / product active | U94: Row 3: XX-479 - not in the catalogue | V94: 4.866
A95: 94 | B95: 2 | C95: Magodo Residential Ltd | D95: Funmilayo Adeleke | E95: funmilayo.adeleke@magodo19.example | F95: 08031989851 | G95: Ikeja | H95: 4 | I95: 88 | J95: PNT-20W × 29 @ 38,000; ROD-16 × 39 @ 11,800; CEM-50 × 20 @ 9,500; XX-926 × None (not in catalogue) | K95: 1752200 | L95: 4500 | M95: 131752.5 | N95: 1888452.5 | O95: SKU not in catalogue | P95: Yes | Q95: fail | R95: =IF(Q95="pass","No","Yes") -> Yes | S95: validation_failed | T95: SKU / product active | U95: Row 3: XX-926 - not in the catalogue | V95: 12.915
A96: 95 | B96: 2 | C96: Marina Point Facilities | D96: Kemi Lawson | E96: kemi.lawson@marina11.example | F96: 08031152019 | G96: Lagos Island | H96: 1 | I96: 22 | J96: PNT-20W × 22 @ 38,000 | K96: 836000 | L96: 5000 | M96: 63075 | N96: 904075 | O96: Clean order (no error) | P96: No | Q96: pass | R96: =IF(Q96="pass","No","Yes") -> No | S96: pending_approval | V96: 4.88
A97: 96 | B97: 2 | C97: Ajah Sunrise Housing Co-op | D97: Blessing Okoro | E97: blessing.okoro@ajah14.example | F97: 08031466206 | G97: Lekki-Ajah | H97: 2 | I97: 47 | J97: WIRE-25 × 14 @ 52,000; ROD-16 × 33 @ 11,800 | K97: 1117400 | L97: 6000 | M97: 84255 | N97: 1207655 | O97: Fractional quantity | P97: Yes | Q97: fail | R97: =IF(Q97="pass","No","Yes") -> Yes | S97: validation_failed | T97: Quantity limits | U97: ROD-12 - Quantity must be a whole number | V97: 6.218
A98: 97 | B98: 2 | C98: Kanu Brothers Building Supplies | D98: Chukwuemeka Kanu | E98: chukwuemeka.kanu@kanu2.example | F98: 08030209458 | G98: Lagos Mainland | H98: 2 | I98: 31 | J98: ROOF-AL × 29 @ 12,500; PVC-2 × 2 @ 4,100 | K98: 370700 | L98: 4000 | M98: 28102.5 | N98: 402802.5 | O98: Clean order (no error) | P98: No | Q98: pass | R98: =IF(Q98="pass","No","Yes") -> No | S98: pending_approval | V98: 6.913
A99: 98 | B99: 2 | C99: Kanu Brothers Building Supplies | D99: Chukwuemeka Kanu | E99: chukwuemeka.kanu@kanu2.example | F99: 08030209458 | G99: Lagos Mainland | H99: 2 | I99: 31 | J99: ROOF-AL × 29 @ 12,500; PVC-2 × 2 @ 4,100 | K99: 370700 | L99: 4000 | M99: 28102.5 | N99: 402802.5 | O99: Duplicate order | P99: Yes | Q99: warn | R99: =IF(Q99="pass","No","Yes") -> Yes | S99: draft | T99: Duplicate order | U99: This looks like a repeat of ORD-3290. Confirm it is a new order. | V99: 5.506
A100: 99 | B100: 2 | C100: Magodo Residential Ltd | D100: Funmilayo Adeleke | E100: funmilayo.adeleke@magodo19.example | F100: 08031989851 | G100: Ikeja | H100: 2 | I100: 558 | J100: PVC-4 × 15 @ 8,600; PVC-2 × 543 @ 4,100 | K100: 2355300 | L100: 4500 | M100: 176985 | N100: 2536785 | O100: Quantity above maximum | P100: Yes | Q100: fail | R100: =IF(Q100="pass","No","Yes") -> Yes | S100: validation_failed | T100: Quantity limits, Stock availability | U100: PVC pipe, 2 inch, 6 m: quantity must be between 2 and 500. | PVC pipe, 2 inch, 6 m: only 9 left. Reduce the quantity. | V100: 6.317
...

Sheet Customers
A1: Company | B1: Contact person | C1: E-mail | D1: Phone | E1: Region | F1: Orders | G1: Passed | H1: Warned | I1: Blocked | J1: Order value (₦)
A2: Adeyemi & Sons Construction Ltd | B2: Folake Adeyemi | C2: folake.adeyemi@adeyemi1.example | D2: 08030104729 | E2: Ikeja | F2: =COUNTIF(Orders!$C$2:$C$501,A2) -> 26 | G2: =COUNTIFS(Orders!$C$2:$C$501,A2,Orders!$Q$2:$Q$501,"pass") -> 8 | H2: =COUNTIFS(Orders!$C$2:$C$501,A2,Orders!$Q$2:$Q$501,"warn") -> 4 | I2: =COUNTIFS(Orders!$C$2:$C$501,A2,Orders!$Q$2:$Q$501,"fail") -> 14 | J2: =SUMIF(Orders!$C$2:$C$501,A2,Orders!$N$2:$N$501) -> 32484672
A3: Agege Steel Works | B3: Yusuf Adebanjo | C3: yusuf.adebanjo@agege13.example | D3: 08031361477 | E3: Ikeja | F3: =COUNTIF(Orders!$C$2:$C$501,A3) -> 28 | G3: =COUNTIFS(Orders!$C$2:$C$501,A3,Orders!$Q$2:$Q$501,"pass") -> 12 | H3: =COUNTIFS(Orders!$C$2:$C$501,A3,Orders!$Q$2:$Q$501,"warn") -> 5 | I3: =COUNTIFS(Orders!$C$2:$C$501,A3,Orders!$Q$2:$Q$501,"fail") -> 11 | J3: =SUMIF(Orders!$C$2:$C$501,A3,Orders!$N$2:$N$501) -> 56063938
A4: Ajah Sunrise Housing Co-op | B4: Blessing Okoro | C4: blessing.okoro@ajah14.example | D4: 08031466206 | E4: Lekki-Ajah | F4: =COUNTIF(Orders!$C$2:$C$501,A4) -> 23 | G4: =COUNTIFS(Orders!$C$2:$C$501,A4,Orders!$Q$2:$Q$501,"pass") -> 9 | H4: =COUNTIFS(Orders!$C$2:$C$501,A4,Orders!$Q$2:$Q$501,"warn") -> 3 | I4: =COUNTIFS(Orders!$C$2:$C$501,A4,Orders!$Q$2:$Q$501,"fail") -> 11 | J4: =SUMIF(Orders!$C$2:$C$501,A4,Orders!$N$2:$N$501) -> 38500265
A5: Apapa Port Works Supplies | B5: Garba Usman | C5: garba.usman@apapa20.example | D5: 08032094580 | E5: Lagos Mainland | F5: =COUNTIF(Orders!$C$2:$C$501,A5) -> 25 | G5: =COUNTIFS(Orders!$C$2:$C$501,A5,Orders!$Q$2:$Q$501,"pass") -> 13 | H5: =COUNTIFS(Orders!$C$2:$C$501,A5,Orders!$Q$2:$Q$501,"warn") -> 2 | I5: =COUNTIFS(Orders!$C$2:$C$501,A5,Orders!$Q$2:$Q$501,"fail") -> 10 | J5: =SUMIF(Orders!$C$2:$C$501,A5,Orders!$N$2:$N$501) -> 61697690
A6: Bodija Interiors | B6: Segun Olatunji | C6: segun.olatunji@bodija16.example | D6: 08031675664 | E6: Ibadan | F6: =COUNTIF(Orders!$C$2:$C$501,A6) -> 19 | G6: =COUNTIFS(Orders!$C$2:$C$501,A6,Orders!$Q$2:$Q$501,"pass") -> 10 | H6: =COUNTIFS(Orders!$C$2:$C$501,A6,Orders!$Q$2:$Q$501,"warn") -> 3 | I6: =COUNTIFS(Orders!$C$2:$C$501,A6,Orders!$Q$2:$Q$501,"fail") -> 6 | J6: =SUMIF(Orders!$C$2:$C$501,A6,Orders!$N$2:$N$501) -> 38501878
A7: Eko Bridge Contractors | B7: Tolulope Ogunleye | C7: tolulope.ogunleye@eko6.example | D7: 08030628374 | E7: Lagos Island | F7: =COUNTIF(Orders!$C$2:$C$501,A7) -> 28 | G7: =COUNTIFS(Orders!$C$2:$C$501,A7,Orders!$Q$2:$Q$501,"pass") -> 17 | H7: =COUNTIFS(Orders!$C$2:$C$501,A7,Orders!$Q$2:$Q$501,"warn") -> 3 | I7: =COUNTIFS(Orders!$C$2:$C$501,A7,Orders!$Q$2:$Q$501,"fail") -> 8 | J7: =SUMIF(Orders!$C$2:$C$501,A7,Orders!$N$2:$N$501) -> 30560852
A8: Greenfield Estates Nigeria | B8: Ngozi Eze | C8: ngozi.eze@greenfield7.example | D8: 08030733103 | E8: Lekki-Ajah | F8: =COUNTIF(Orders!$C$2:$C$501,A8) -> 29 | G8: =COUNTIFS(Orders!$C$2:$C$501,A8,Orders!$Q$2:$Q$501,"pass") -> 16 | H8: =COUNTIFS(Orders!$C$2:$C$501,A8,Orders!$Q$2:$Q$501,"warn") -> 7 | I8: =COUNTIFS(Orders!$C$2:$C$501,A8,Orders!$Q$2:$Q$501,"fail") -> 6 | J8: =SUMIF(Orders!$C$2:$C$501,A8,Orders!$N$2:$N$501) -> 36477008
A9: Gwarinpa Homes Ltd | B9: Fatima Sani | C9: fatima.sani@gwarinpa15.example | D9: 08031570935 | E9: Abuja | F9: =COUNTIF(Orders!$C$2:$C$501,A9) -> 20 | G9: =COUNTIFS(Orders!$C$2:$C$501,A9,Orders!$Q$2:$Q$501,"pass") -> 10 | H9: =COUNTIFS(Orders!$C$2:$C$501,A9,Orders!$Q$2:$Q$501,"warn") -> 4 | I9: =COUNTIFS(Orders!$C$2:$C$501,A9,Orders!$Q$2:$Q$501,"fail") -> 6 | J9: =SUMIF(Orders!$C$2:$C$501,A9,Orders!$N$2:$N$501) -> 17387588
A10: Ibadan Prime Homes Ltd | B10: Oluwaseun Afolabi | C10: oluwaseun.afolabi@ibadan3.example | D10: 08030314187 | E10: Ibadan | F10: =COUNTIF(Orders!$C$2:$C$501,A10) -> 19 | G10: =COUNTIFS(Orders!$C$2:$C$501,A10,Orders!$Q$2:$Q$501,"pass") -> 8 | H10: =COUNTIFS(Orders!$C$2:$C$501,A10,Orders!$Q$2:$Q$501,"warn") -> 3 | I10: =COUNTIFS(Orders!$C$2:$C$501,A10,Orders!$Q$2:$Q$501,"fail") -> 8 | J10: =SUMIF(Orders!$C$2:$C$501,A10,Orders!$N$2:$N$501) -> 43504928
A11: Kanu Brothers Building Supplies | B11: Chukwuemeka Kanu | C11: chukwuemeka.kanu@kanu2.example | D11: 08030209458 | E11: Lagos Mainland | F11: =COUNTIF(Orders!$C$2:$C$501,A11) -> 20 | G11: =COUNTIFS(Orders!$C$2:$C$501,A11,Orders!$Q$2:$Q$501,"pass") -> 12 | H11: =COUNTIFS(Orders!$C$2:$C$501,A11,Orders!$Q$2:$Q$501,"warn") -> 5 | I11: =COUNTIFS(Orders!$C$2:$C$501,A11,Orders!$Q$2:$Q$501,"fail") -> 3 | J11: =SUMIF(Orders!$C$2:$C$501,A11,Orders!$N$2:$N$501) -> 17268692
A12: Lekki Coastal Developers | B12: Amina Bello | C12: amina.bello@lekki4.example | D12: 08030418916 | E12: Lekki-Ajah | F12: =COUNTIF(Orders!$C$2:$C$501,A12) -> 25 | G12: =COUNTIFS(Orders!$C$2:$C$501,A12,Orders!$Q$2:$Q$501,"pass") -> 15 | H12: =COUNTIFS(Orders!$C$2:$C$501,A12,Orders!$Q$2:$Q$501,"warn") -> 3 | I12: =COUNTIFS(Orders!$C$2:$C$501,A12,Orders!$Q$2:$Q$501,"fail") -> 7 | J12: =SUMIF(Orders!$C$2:$C$501,A12,Orders!$N$2:$N$501) -> 22656485
A13: Magodo Residential Ltd | B13: Funmilayo Adeleke | C13: funmilayo.adeleke@magodo19.example | D13: 08031989851 | E13: Ikeja | F13: =COUNTIF(Orders!$C$2:$C$501,A13) -> 25 | G13: =COUNTIFS(Orders!$C$2:$C$501,A13,Orders!$Q$2:$Q$501,"pass") -> 7 | H13: =COUNTIFS(Orders!$C$2:$C$501,A13,Orders!$Q$2:$Q$501,"warn") -> 3 | I13: =COUNTIFS(Orders!$C$2:$C$501,A13,Orders!$Q$2:$Q$501,"fail") -> 15 | J13: =SUMIF(Orders!$C$2:$C$501,A13,Orders!$N$2:$N$501) -> 35261505
... A21: Zuma Rock Engineering | B21: Hauwa Abdullahi | C21: hauwa.abdullahi@zuma9.example | D21: 08030942561 | E21: Abuja | F21: =COUNTIF(Orders!$C$2:$C$501,A21) -> 26 | G21: =COUNTIFS(Orders!$C$2:$C$501,A21,Orders!$Q$2:$Q$501,"pass") -> 8 | H21: =COUNTIFS(Orders!$C$2:$C$501,A21,Orders!$Q$2:$Q$501,"warn") -> 6 | I21: =COUNTIFS(Orders!$C$2:$C$501,A21,Orders!$Q$2:$Q$501,"fail") -> 12 | J21: =SUMIF(Orders!$C$2:$C$501,A21,Orders!$N$2:$N$501) -> 32239788
A22: Total | F22: =SUM(F2:F21) -> 500 | G22: =SUM(G2:G21) -> 233 | H22: =SUM(H2:H21) -> 75 | I22: =SUM(I2:I21) -> 192 | J22: =SUM(J2:J21) -> 717846085

Sheet By error type
A1: Planted error | B1: Has rule | C1: Orders | D1: Blocked | E1: Warned | F1: Passed | G1: Flagged | H1: Detection rate | I1: Note
A2: Clean order (no error) | B2: No | C2: =COUNTIF(Orders!$O$2:$O$501,A2) -> 216 | D2: =COUNTIFS(Orders!$O$2:$O$501,A2,Orders!$Q$2:$Q$501,"fail") -> 0 | E2: =COUNTIFS(Orders!$O$2:$O$501,A2,Orders!$Q$2:$Q$501,"warn") -> 33 | F2: =COUNTIFS(Orders!$O$2:$O$501,A2,Orders!$Q$2:$Q$501,"pass") -> 183 | G2: =D2+E2 -> 33 | H2: =IF(C2=0,0,G2/C2) -> 0.15277778 | I2: For clean orders the "detection rate" is a false-alarm rate; lower is better.
A3: SKU not in catalogue | B3: Yes | C3: =COUNTIF(Orders!$O$2:$O$501,A3) -> 20 | D3: =COUNTIFS(Orders!$O$2:$O$501,A3,Orders!$Q$2:$Q$501,"fail") -> 20 | E3: =COUNTIFS(Orders!$O$2:$O$501,A3,Orders!$Q$2:$Q$501,"warn") -> 0 | F3: =COUNTIFS(Orders!$O$2:$O$501,A3,Orders!$Q$2:$Q$501,"pass") -> 0 | G3: =D3+E3 -> 20 | H3: =IF(C3=0,0,G3/C3) -> 1
A4: Missing delivery address | B4: Yes | C4: =COUNTIF(Orders!$O$2:$O$501,A4) -> 22 | D4: =COUNTIFS(Orders!$O$2:$O$501,A4,Orders!$Q$2:$Q$501,"fail") -> 22 | E4: =COUNTIFS(Orders!$O$2:$O$501,A4,Orders!$Q$2:$Q$501,"warn") -> 0 | F4: =COUNTIFS(Orders!$O$2:$O$501,A4,Orders!$Q$2:$Q$501,"pass") -> 0 | G4: =D4+E4 -> 22 | H4: =IF(C4=0,0,G4/C4) -> 1
A5: Missing delivery date | B5: Yes | C5: =COUNTIF(Orders!$O$2:$O$501,A5) -> 11 | D5: =COUNTIFS(Orders!$O$2:$O$501,A5,Orders!$Q$2:$Q$501,"fail") -> 11 | E5: =COUNTIFS(Orders!$O$2:$O$501,A5,Orders!$Q$2:$Q$501,"warn") -> 0 | F5: =COUNTIFS(Orders!$O$2:$O$501,A5,Orders!$Q$2:$Q$501,"pass") -> 0 | G5: =D5+E5 -> 11 | H5: =IF(C5=0,0,G5/C5) -> 1
A6: Delivery date in the past | B6: Yes | C6: =COUNTIF(Orders!$O$2:$O$501,A6) -> 19 | D6: =COUNTIFS(Orders!$O$2:$O$501,A6,Orders!$Q$2:$Q$501,"fail") -> 19 | E6: =COUNTIFS(Orders!$O$2:$O$501,A6,Orders!$Q$2:$Q$501,"warn") -> 0 | F6: =COUNTIFS(Orders!$O$2:$O$501,A6,Orders!$Q$2:$Q$501,"pass") -> 0 | G6: =D6+E6 -> 19 | H6: =IF(C6=0,0,G6/C6) -> 1
A7: Quantity below minimum | B7: Yes | C7: =COUNTIF(Orders!$O$2:$O$501,A7) -> 23 | D7: =COUNTIFS(Orders!$O$2:$O$501,A7,Orders!$Q$2:$Q$501,"fail") -> 23 | E7: =COUNTIFS(Orders!$O$2:$O$501,A7,Orders!$Q$2:$Q$501,"warn") -> 0 | F7: =COUNTIFS(Orders!$O$2:$O$501,A7,Orders!$Q$2:$Q$501,"pass") -> 0 | G7: =D7+E7 -> 23 | H7: =IF(C7=0,0,G7/C7) -> 1
A8: Quantity above maximum | B8: Yes | C8: =COUNTIF(Orders!$O$2:$O$501,A8) -> 15 | D8: =COUNTIFS(Orders!$O$2:$O$501,A8,Orders!$Q$2:$Q$501,"fail") -> 15 | E8: =COUNTIFS(Orders!$O$2:$O$501,A8,Orders!$Q$2:$Q$501,"warn") -> 0 | F8: =COUNTIFS(Orders!$O$2:$O$501,A8,Orders!$Q$2:$Q$501,"pass") -> 0 | G8: =D8+E8 -> 15 | H8: =IF(C8=0,0,G8/C8) -> 1
A9: Fractional quantity | B9: Yes | C9: =COUNTIF(Orders!$O$2:$O$501,A9) -> 28 | D9: =COUNTIFS(Orders!$O$2:$O$501,A9,Orders!$Q$2:$Q$501,"fail") -> 28 | E9: =COUNTIFS(Orders!$O$2:$O$501,A9,Orders!$Q$2:$Q$501,"warn") -> 0 | F9: =COUNTIFS(Orders!$O$2:$O$501,A9,Orders!$Q$2:$Q$501,"pass") -> 0 | G9: =D9+E9 -> 28 | H9: =IF(C9=0,0,G9/C9) -> 1
A10: Quantity above available stock | B10: Yes | C10: =COUNTIF(Orders!$O$2:$O$501,A10) -> 16 | D10: =COUNTIFS(Orders!$O$2:$O$501,A10,Orders!$Q$2:$Q$501,"fail") -> 16 | E10: =COUNTIFS(Orders!$O$2:$O$501,A10,Orders!$Q$2:$Q$501,"warn") -> 0 | F10: =COUNTIFS(Orders!$O$2:$O$501,A10,Orders!$Q$2:$Q$501,"pass") -> 0 | G10: =D10+E10 -> 16 | H10: =IF(C10=0,0,G10/C10) -> 1
A11: Duplicate order | B11: Yes | C11: =COUNTIF(Orders!$O$2:$O$501,A11) -> 18 | D11: =COUNTIFS(Orders!$O$2:$O$501,A11,Orders!$Q$2:$Q$501,"fail") -> 0 | E11: =COUNTIFS(Orders!$O$2:$O$501,A11,Orders!$Q$2:$Q$501,"warn") -> 18 | F11: =COUNTIFS(Orders!$O$2:$O$501,A11,Orders!$Q$2:$Q$501,"pass") -> 0 | G11: =D11+E11 -> 18 | H11: =IF(C11=0,0,G11/C11) -> 1
A12: Discontinued product | B12: Yes | C12: =COUNTIF(Orders!$O$2:$O$501,A12) -> 25 | D12: =COUNTIFS(Orders!$O$2:$O$501,A12,Orders!$Q$2:$Q$501,"fail") -> 25 | E12: =COUNTIFS(Orders!$O$2:$O$501,A12,Orders!$Q$2:$Q$501,"warn") -> 0 | F12: =COUNTIFS(Orders!$O$2:$O$501,A12,Orders!$Q$2:$Q$501,"pass") -> 0 | G12: =D12+E12 -> 25 | H12: =IF(C12=0,0,G12/C12) -> 1
A13: Wrong (but valid) product chosen | B13: No | C13: =COUNTIF(Orders!$O$2:$O$501,A13) -> 35 | D13: =COUNTIFS(Orders!$O$2:$O$501,A13,Orders!$Q$2:$Q$501,"fail") -> 13 | E13: =COUNTIFS(Orders!$O$2:$O$501,A13,Orders!$Q$2:$Q$501,"warn") -> 1 | F13: =COUNTIFS(Orders!$O$2:$O$501,A13,Orders!$Q$2:$Q$501,"pass") -> 21 | G13: =D13+E13 -> 14 | H13: =IF(C13=0,0,G13/C13) -> 0.4 | I13: Flagged only by unrelated rules: Quantity limits ×13, Duplicate order ×1
A14: Plausible quantity typo (20 → 200) | B14: No | C14: =COUNTIF(Orders!$O$2:$O$501,A14) -> 30 | D14: =COUNTIFS(Orders!$O$2:$O$501,A14,Orders!$Q$2:$Q$501,"fail") -> 0 | E14: =COUNTIFS(Orders!$O$2:$O$501,A14,Orders!$Q$2:$Q$501,"warn") -> 19 | F14: =COUNTIFS(Orders!$O$2:$O$501,A14,Orders!$Q$2:$Q$501,"pass") -> 11 | G14: =D14+E14 -> 19 | H14: =IF(C14=0,0,G14/C14) -> 0.63333333 | I14: Flagged only by unrelated rules: Unusual quantity ×17, Duplicate order ×2
A15: Wrong saved address chosen | B15: No | C15: =COUNTIF(Orders!$O$2:$O$501,A15) -> 22 | D15: =COUNTIFS(Orders!$O$2:$O$501,A15,Orders!$Q$2:$Q$501,"fail") -> 0 | E15: =COUNTIFS(Orders!$O$2:$O$501,A15,Orders!$Q$2:$Q$501,"warn") -> 4 | F15: =COUNTIFS(Orders!$O$2:$O$501,A15,Orders!$Q$2:$Q$501,"pass") -> 18 | G15: =D15+E15 -> 4 | H15: =IF(C15=0,0,G15/C15) -> 0.18181818 | I15: Flagged only by unrelated rules: Unusual quantity ×4
A16: Total | C16: =SUM(C2:C15) -> 500 | D16: =SUM(D2:D15) -> 192 | E16: =SUM(E2:E15) -> 75 | F16: =SUM(F2:F15) -> 233 | G16: =SUM(G2:G15) -> 267

Sheet Confusion matrix
A1: Binary view: does the order contain an error, and did the system flag it (warn or fail)?
A3: A. All 500 orders (every planted error, including those no rule targets)
B4: Flagged by system | C4: Passed by system | D4: Total
A5: Order has an error | B5: =COUNTIFS(Orders!$O$2:$O$501,"<>Clean order (no error)",Orders!$Q$2:$Q$501,"<>pass") -> 234 | C5: =COUNTIFS(Orders!$O$2:$O$501,"<>Clean order (no error)",Orders!$Q$2:$Q$501,"pass") -> 50 | D5: =B5+C5 -> 284
A6: Clean order | B6: =COUNTIFS(Orders!$O$2:$O$501,"Clean order (no error)",Orders!$Q$2:$Q$501,"<>pass") -> 33 | C6: =COUNTIFS(Orders!$O$2:$O$501,"Clean order (no error)",Orders!$Q$2:$Q$501,"pass") -> 183 | D6: =B6+C6 -> 216
A8: Accuracy | B8: =(B5+C6)/(B5+C5+B6+C6) -> 0.834 | C8: (TP+TN) / all orders
A9: Precision | B9: =B5/(B5+B6) -> 0.87640449 | C9: of flagged orders, share that really had an error
A10: Recall (detection rate) | B10: =B5/(B5+C5) -> 0.82394366 | C10: of erroneous orders, share flagged
A11: Specificity | B11: =C6/(C6+B6) -> 0.84722222 | C11: of clean orders, share passed without a flag
A12: F1 score | B12: =2*B9*B10/(B9+B10) -> 0.84936479 | C12: harmonic mean of precision and recall
A15: B. Only error types a rule is designed for, plus all clean orders
B16: Flagged by system | C16: Passed by system | D16: Total
A17: Order has an error | B17: =COUNTIFS(Orders!$O$2:$O$501,"<>Clean order (no error)",Orders!$P$2:$P$501,"Yes",Orders!$Q$2:$Q$501,"<>pass") -> 197 | C17: =COUNTIFS(Orders!$O$2:$O$501,"<>Clean order (no error)",Orders!$P$2:$P$501,"Yes",Orders!$Q$2:$Q$501,"pass") -> 0 | D17: =B17+C17 -> 197
A18: Clean order | B18: =COUNTIFS(Orders!$O$2:$O$501,"Clean order (no error)",Orders!$Q$2:$Q$501,"<>pass") -> 33 | C18: =COUNTIFS(Orders!$O$2:$O$501,"Clean order (no error)",Orders!$Q$2:$Q$501,"pass") -> 183 | D18: =B18+C18 -> 216
A20: Accuracy | B20: =(B17+C18)/(B17+C17+B18+C18) -> 0.92009685 | C20: (TP+TN) / all orders
A21: Precision | B21: =B17/(B17+B18) -> 0.85652174 | C21: of flagged orders, share that really had an error
A22: Recall (detection rate) | B22: =B17/(B17+C17) -> 1 | C22: of erroneous orders, share flagged
A23: Specificity | B23: =C18/(C18+B18) -> 0.84722222 | C23: of clean orders, share passed without a flag
A24: F1 score | B24: =2*B21*B22/(B21+B22) -> 0.92271663 | C24: harmonic mean of precision and recall

Sheet Rules
A1: Validation rule | B1: Severity | C1: Orders it fired on | D1: On orders with a planted error | E1: On clean orders (false alarms) | F1: False-alarm share
A2: Unusual quantity | B2: Warning | C2: 93 | D2: 61 | E2: 32 | F2: =IF(C2=0,0,E2/C2) -> 0.34408602
A3: Quantity limits | B3: Blocking | C3: 79 | D3: 79 | E3: 0 | F3: =IF(C3=0,0,E3/C3) -> 0
A4: Stock availability | B4: Blocking | C4: 56 | D4: 56 | E4: 0 | F4: =IF(C4=0,0,E4/C4) -> 0
A5: SKU / product active | B5: Blocking | C5: 45 | D5: 45 | E5: 0 | F5: =IF(C5=0,0,E5/C5) -> 0
A6: Mandatory fields | B6: Blocking | C6: 33 | D6: 33 | E6: 0 | F6: =IF(C6=0,0,E6/C6) -> 0
A7: Duplicate order | B7: Warning | C7: 22 | D7: 21 | E7: 1 | F7: =IF(C7=0,0,E7/C7) -> 0.045454545
A8: Delivery date & address | B8: Blocking | C8: 19 | D8: 19 | E8: 0 | F8: =IF(C8=0,0,E8/C8) -> 0
A10: Counts taken from the "Rules triggered" column of Orders when the run was analysed (an order can trigger several rules).

Sheet Timing
A1: Statistic | B1: Validation time (ms)
A2: Orders measured | B2: =COUNT(Orders!$V$2:$V$501) -> 500
A3: Mean | B3: =AVERAGE(Orders!$V$2:$V$501) -> 25.11592
A4: Median | B4: =MEDIAN(Orders!$V$2:$V$501) -> 18.7335
A5: 95th percentile | B5: =PERCENTILE(Orders!$V$2:$V$501,0.95) -> 70.12805
A6: Minimum | B6: =MIN(Orders!$V$2:$V$501) -> 1.765
A7: Maximum | B7: =MAX(Orders!$V$2:$V$501) -> 101.875
A8: Standard deviation | B8: =STDEVP(Orders!$V$2:$V$501) -> 20.746261
A9: Mean – passed orders | B9: =AVERAGEIF(Orders!$Q$2:$Q$501,"pass",Orders!$V$2:$V$501) -> 24.237957
A10: Mean – warned orders | B10: =AVERAGEIF(Orders!$Q$2:$Q$501,"warn",Orders!$V$2:$V$501) -> 24.505667
A11: Mean – blocked orders | B11: =AVERAGEIF(Orders!$Q$2:$Q$501,"fail",Orders!$V$2:$V$501) -> 26.419745
A13: From (ms) | B13: To (ms) | C13: Orders
A14: 0 | B14: 5 | C14: =COUNTIFS(Orders!$V$2:$V$501,">="&A14,Orders!$V$2:$V$501,"<"&B14) -> 59
A15: 5 | B15: 10 | C15: =COUNTIFS(Orders!$V$2:$V$501,">="&A15,Orders!$V$2:$V$501,"<"&B15) -> 84
A16: 10 | B16: 15 | C16: =COUNTIFS(Orders!$V$2:$V$501,">="&A16,Orders!$V$2:$V$501,"<"&B16) -> 68
A17: 15 | B17: 20 | C17: =COUNTIFS(Orders!$V$2:$V$501,">="&A17,Orders!$V$2:$V$501,"<"&B17) -> 52
A18: 20 | B18: 25 | C18: =COUNTIFS(Orders!$V$2:$V$501,">="&A18,Orders!$V$2:$V$501,"<"&B18) -> 42
A19: 25 | B19: 30 | C19: =COUNTIFS(Orders!$V$2:$V$501,">="&A19,Orders!$V$2:$V$501,"<"&B19) -> 36
A20: 30 | B20: 35 | C20: =COUNTIFS(Orders!$V$2:$V$501,">="&A20,Orders!$V$2:$V$501,"<"&B20) -> 29
A21: 35 | B21: 40 | C21: =COUNTIFS(Orders!$V$2:$V$501,">="&A21,Orders!$V$2:$V$501,"<"&B21) -> 27
A22: 40 | B22: 45 | C22: =COUNTIFS(Orders!$V$2:$V$501,">="&A22,Orders!$V$2:$V$501,"<"&B22) -> 23
A23: 45 | B23: 50 | C23: =COUNTIFS(Orders!$V$2:$V$501,">="&A23,Orders!$V$2:$V$501,"<"&B23) -> 18
A24: 50 | B24: 55 | C24: =COUNTIFS(Orders!$V$2:$V$501,">="&A24,Orders!$V$2:$V$501,"<"&B24) -> 10
A25: 55 | B25: 60 | C25: =COUNTIFS(Orders!$V$2:$V$501,">="&A25,Orders!$V$2:$V$501,"<"&B25) -> 9
... A34: 100 | B34: 105 | C34: =COUNTIFS(Orders!$V$2:$V$501,">="&A34,Orders!$V$2:$V$501,"<"&B34) -> 2
A36: Measured inside the database (clock time around submit_order), Supabase Postgres 17, eu-west-1. Excludes network time to the browser.

Sheet Success criteria
A1: Objective | B1: Success criterion | C1: Measured result | D1: Status | E1: Evidence / note
A2: Build a digital order-processing system | B2: 500 successful simulated orders | C2: =COUNTA(Orders!$A$2:$A$501)&" orders processed" -> 500 orders processed | D2: Met | E2: Every order was saved, validated and routed by the live functions (Orders sheet).
A3: Validate orders automatically | B3: 90% validation accuracy | C3: =TEXT('Confusion matrix'!B8,"0.0%")&" on all orders; "&TEXT('Confusion matrix'!B20,"0.0%")&" on rule-covered errors" -> 83.4% on all orders; 92.0% on rule-covered errors | D3: Partly met | E3: Below 90% when realistic mistakes with no rule are included; above 90% on the error types the rules cover. 32 of 33 false alarms came from the unusual-quantity warning.
A4: Reduce manual data-entry errors | B4: 100% mandatory-field completion | C4: =TEXT(COUNTIFS(Orders!$S$2:$S$501,"pending_approval",Orders!$G$2:$G$501,"<>(none)")/COUNTIF(Orders!$S$2:$S$501,"pending_approval"),"0%")&" of orders reaching approval had every mandatory field" -> 100% of orders reaching approval had every mandatory field | D4: Met | E4: Orders missing a mandatory field cannot leave validation (blocked by the database).
A5: Reduce manual data-entry errors | B5: 60% reduction in manual errors | C5: Needs the manual baseline | D5: Pending | E5: ="Indicative only: the system flagged "&TEXT('Confusion matrix'!B10,"0.0%")&" of erroneous orders before approval. Record the baseline in the Manual baseline sheet to measure the real reduction." -> Indicative only: the system flagged 82.4% of erroneous orders before approval. Record the baseline in the Manual baseline sheet to measure the real reduction.
A6: Improve processing speed | B6: 30–50% faster processing | C6: =TEXT(Timing!B4,"0.0")&" ms median automatic validation per order" -> 18.7 ms median automatic validation per order | D6: Pending | E6: Automatic checking is near-instant, but the criterion compares end-to-end staff time; needs the manual baseline.

Sheet Manual baseline
A1: Manual-entry baseline – fill in the yellow cells (blue text). One row per sample order (about 30 recommended).
A2: Time a person re-keying each order from its original Excel/WhatsApp/e-mail message, count the errors they make, then do the same order in Verity.
A4: Sample # | B4: Source message | C4: Manual: time (seconds) | D4: Manual: errors made | E4: Verity: time (seconds) | F4: Verity: errors reaching approval | G4: Time saved
A5: 1 | B5: WhatsApp message | C5: 180 | D5: 1 | E5: 95 | F5: 0 | G5: =IF(OR(C5="",E5="",C5=0),"",1-E5/C5) -> 0.47222222
A6: 2 | G6: =IF(OR(C6="",E6="",C6=0),"",1-E6/C6)
A7: 3 | G7: =IF(OR(C7="",E7="",C7=0),"",1-E7/C7)
A8: 4 | G8: =IF(OR(C8="",E8="",C8=0),"",1-E8/C8)
A9: 5 | G9: =IF(OR(C9="",E9="",C9=0),"",1-E9/C9)
A10: 6 | G10: =IF(OR(C10="",E10="",C10=0),"",1-E10/C10)
A11: 7 | G11: =IF(OR(C11="",E11="",C11=0),"",1-E11/C11)
A12: 8 | G12: =IF(OR(C12="",E12="",C12=0),"",1-E12/C12)
A13: 9 | G13: =IF(OR(C13="",E13="",C13=0),"",1-E13/C13)
A14: 10 | G14: =IF(OR(C14="",E14="",C14=0),"",1-E14/C14)
A15: 11 | G15: =IF(OR(C15="",E15="",C15=0),"",1-E15/C15)
A16: 12 | G16: =IF(OR(C16="",E16="",C16=0),"",1-E16/C16)
A17: 13 | G17: =IF(OR(C17="",E17="",C17=0),"",1-E17/C17)
... A34: 30 | G34: =IF(OR(C34="",E34="",C34=0),"",1-E34/C34)
A36: Totals | C36: =SUM(C5:C34) -> 180 | D36: =SUM(D5:D34) -> 1 | E36: =SUM(E5:E34) -> 95 | F36: =SUM(F5:F34) -> 0
A38: Error reduction | C38: =IF(D36=0,"",1-F36/D36) -> 1 | D38: target: at least 60%
A39: Time saved | C39: =IF(C36=0,"",1-E36/C36) -> 0.47222222 | D39: target: 30–50%
A41: Row 5 is an example; overwrite or clear it. Yellow cells are inputs; column G and rows 36–39 calculate themselves.

Sheet R1 Orders
A1: Seq | B1: Order no. | C1: Simulated day | D1: Company | E1: Region | F1: Lines | G1: Units | H1: Items (SKU x qty @ unit price) | I1: Subtotal (₦) | J1: Delivery fee (₦) | K1: Tax (₦) | L1: Total (₦) | M1: Planted error | N1: Has rule | O1: Expected rule | P1: Outcome | Q1: Flagged | R1: Status after submit | S1: Rules triggered | T1: Messages shown | U1: Validation time (ms) | V1: Draft event at | W1: Submitted event at | X1: Last event at | Y1: Last status | Z1: Rule: mandatory | AA1: Rule: sku | AB1: Rule: quantity | AC1: Rule: stock | AD1: Rule: customer_status | AE1: Rule: pricing | AF1: Rule: delivery | AG1: Rule: duplicate | AH1: Rule: unusual_quantity | AI1: Delivery date given
A2: 1 | B2: ORD-3782 | C2: 1 | D2: Bodija Interiors | E2: (none) | F2: 1 | G2: 10 | H2: WIRE-25 x 10 @ 52,000 | I2: 520000 | J2: 0 | K2: 39000 | L2: 559000 | M2: Missing delivery address | N2: Yes | O2: mandatory | P2: fail | Q2: =IF(P2="pass","No","Yes") -> Yes | R2: validation_failed | S2: mandatory | T2: Choose a delivery address. | U2: 2.45 | V2: 2026-10-27T10:36:08.478438+00:00 | W2: 2026-10-27T10:36:08.480878+00:00 | X2: 2026-10-27T10:36:08.481309+00:00 | Y2: validation_failed | Z2: 1 | AA2: 0 | AB2: 0 | AC2: 0 | AD2: 0 | AE2: 0 | AF2: 0 | AG2: 0 | AH2: 0 | AI2: Yes
A3: 2 | B3: ORD-3783 | C3: 1 | D3: Gwarinpa Homes Ltd | E3: Abuja | F3: 1 | G3: 104 | H3: CEM-50 x 104 @ 9,500 | I3: 988000 | J3: 15000 | K3: 75225 | L3: 1078225 | M3: Missing delivery date | N3: Yes | O3: mandatory | P3: fail | Q3: =IF(P3="pass","No","Yes") -> Yes | R3: validation_failed | S3: mandatory, unusual_quantity | T3: Choose a delivery date. | Cement, 50 kg bag: 104 is far above this customer's usual 23. | U3: 5.675 | V3: 2026-10-27T10:36:08.4844+00:00 | W3: 2026-10-27T10:36:08.490012+00:00 | X3: 2026-10-27T10:36:08.490486+00:00 | Y3: validation_failed | Z3: 1 | AA3: 0 | AB3: 0 | AC3: 0 | AD3: 0 | AE3: 0 | AF3: 0 | AG3: 0 | AH3: 1 | AI3: No
A4: 3 | B4: ORD-3784 | C4: 1 | D4: Marina Point Facilities | E4: Lagos Island | F4: 4 | G4: 62 | H4: NAIL-3 x 1 @ 31,000; SAND-T x 1 @ 185,000; TIL-6060 x 48 @ 14,500; WIRE-25 x 12 @ 52,000 | I4: 1536000 | J4: 5000 | K4: 115575 | L4: 1656575 | M4: Discontinued product | N4: Yes | O4: sku | P4: fail | Q4: =IF(P4="pass","No","Yes") -> Yes | R4: validation_failed | S4: sku, stock | T4: SAND-T is no longer sold. Remove it. | Sharp sand, 20 tonne trip is out of stock. | U4: 2.85 | V4: 2026-10-27T10:36:08.492563+00:00 | W4: 2026-10-27T10:36:08.495723+00:00 | X4: 2026-10-27T10:36:08.496122+00:00 | Y4: validation_failed | Z4: 0 | AA4: 1 | AB4: 0 | AC4: 1 | AD4: 0 | AE4: 0 | AF4: 0 | AG4: 0 | AH4: 0 | AI4: Yes
A5: 4 | B5: ORD-3785 | C5: 1 | D5: Victoria Island Fit-Out Ltd | E5: Lagos Island | F5: 2 | G5: 13 | H5: WIRE-25 x 13 @ 52,000; PVC-4 x 2.5 (Quantity must be a whole number) | I5: 676000 | J5: 5000 | K5: 51075 | L5: 732075 | M5: Fractional quantity | N5: Yes | O5: quantity | P5: fail | Q5: =IF(P5="pass","No","Yes") -> Yes | R5: validation_failed | S5: quantity | T5: PVC-4 - Quantity must be a whole number | U5: 2.569 | V5: 2026-10-27T10:36:08.49845+00:00 | W5: 2026-10-27T10:36:08.50121+00:00 | X5: 2026-10-27T10:36:08.50162+00:00 | Y5: validation_failed | Z5: 0 | AA5: 0 | AB5: 1 | AC5: 0 | AD5: 0 | AE5: 0 | AF5: 0 | AG5: 0 | AH5: 0 | AI5: Yes
A6: 5 | B6: ORD-3786 | C6: 1 | D6: Bodija Interiors | E6: Ibadan | F6: 4 | G6: 648 | H6: NAIL-3 x 11 @ 31,000; ROD-12 x 586 @ 7,200; ROD-16 x 39 @ 11,800; WIRE-25 x 12 @ 52,000 | I6: 5644400 | J6: 9000 | K6: 424005 | L6: 6077405 | M6: Quantity above available stock | N6: Yes | O6: stock | P6: fail | Q6: =IF(P6="pass","No","Yes") -> Yes | R6: validation_failed | S6: stock, unusual_quantity | T6: Iron rod, 12 mm: not enough stock for this quantity. Reduce it. | Iron rod, 12 mm: 586 is far above this customer's usual 13. | U6: 6.146 | V6: 2026-10-27T10:36:08.503648+00:00 | W6: 2026-10-27T10:36:08.511376+00:00 | X6: 2026-10-27T10:36:08.511833+00:00 | Y6: validation_failed | Z6: 0 | AA6: 0 | AB6: 0 | AC6: 1 | AD6: 0 | AE6: 0 | AF6: 0 | AG6: 0 | AH6: 1 | AI6: Yes
A7: 6 | B7: ORD-3787 | C7: 1 | D7: Ajah Sunrise Housing Co-op | E7: Lekki-Ajah | F7: 4 | G7: 81 | H7: NAIL-3 x 9 @ 31,000; PNT-20C x 5 @ 38,000; ROD-16 x 67 @ 11,800; TIL-6060 x 2.5 (Quantity must be a whole number) | I7: 1259600 | J7: 6000 | K7: 94920 | L7: 1360520 | M7: Fractional quantity | N7: Yes | O7: quantity | P7: fail | Q7: =IF(P7="pass","No","Yes") -> Yes | R7: validation_failed | S7: quantity | T7: TIL-6060 - Quantity must be a whole number | U7: 2.585 | V7: 2026-10-27T10:36:08.513837+00:00 | W7: 2026-10-27T10:36:08.516723+00:00 | X7: 2026-10-27T10:36:08.517133+00:00 | Y7: validation_failed | Z7: 0 | AA7: 0 | AB7: 1 | AC7: 0 | AD7: 0 | AE7: 0 | AF7: 0 | AG7: 0 | AH7: 0 | AI7: Yes
A8: 7 | B8: ORD-3788 | C8: 1 | D8: Bodija Interiors | E8: Ibadan | F8: 1 | G8: 10 | H8: PNT-20C x 10 @ 38,000 | I8: 380000 | J8: 9000 | K8: 29175 | L8: 418175 | M8: Clean order (no error) | N8: No | P8: pass | Q8: =IF(P8="pass","No","Yes") -> No | R8: pending_approval | U8: 2.882 | V8: 2026-10-27T10:36:08.51894+00:00 | W8: 2026-10-27T10:36:08.521308+00:00 | X8: 2026-10-27T10:36:08.52173+00:00 | Y8: pending_approval | Z8: 0 | AA8: 0 | AB8: 0 | AC8: 0 | AD8: 0 | AE8: 0 | AF8: 0 | AG8: 0 | AH8: 0 | AI8: Yes
A9: 8 | B9: ORD-3789 | C9: 1 | D9: Marina Point Facilities | E9: Lagos Island | F9: 2 | G9: 57 | H9: PVC-2 x 2 @ 4,100; PVC-4 x 55 @ 8,600 | I9: 481200 | J9: 5000 | K9: 36465 | L9: 522665 | M9: Delivery date in the past | N9: Yes | O9: delivery | P9: fail | Q9: =IF(P9="pass","No","Yes") -> Yes | R9: validation_failed | S9: delivery | T9: The delivery date is in the past. | U9: 2.541 | V9: 2026-10-27T10:36:08.523454+00:00 | W9: 2026-10-27T10:36:08.526041+00:00 | X9: 2026-10-27T10:36:08.526487+00:00 | Y9: validation_failed | Z9: 0 | AA9: 0 | AB9: 0 | AC9: 0 | AD9: 0 | AE9: 0 | AF9: 1 | AG9: 0 | AH9: 0 | AI9: Yes
A10: 9 | B10: ORD-3790 | C10: 1 | D10: Ibadan Prime Homes Ltd | E10: Ibadan | F10: 3 | G10: 227 | H10: CEM-50 x 178 @ 9,500; PVC-2 x 2 @ 4,100; PVC-4 x 47 @ 8,600 | I10: 2103400 | J10: 9000 | K10: 158430 | L10: 2270830 | M10: Clean order (no error) | N10: No | P10: warn | Q10: =IF(P10="pass","No","Yes") -> Yes | R10: pending_approval | S10: unusual_quantity | T10: Cement, 50 kg bag: 178 is far above this customer's usual 23. | U10: 6.316 | V10: 2026-10-27T10:36:08.527486+00:00 | W10: 2026-10-27T10:36:08.533523+00:00 | X10: 2026-10-27T10:36:08.533951+00:00 | Y10: pending_approval | Z10: 0 | AA10: 0 | AB10: 0 | AC10: 0 | AD10: 0 | AE10: 0 | AF10: 0 | AG10: 0 | AH10: 1 | AI10: Yes
A11: 10 | B11: ORD-3791 | C11: 1 | D11: Zuma Rock Engineering | E11: Abuja | F11: 2 | G11: 8 | H11: NAIL-3 x 7 @ 31,000; PNT-20C x 1 @ 38,000 | I11: 255000 | J11: 15000 | K11: 20250 | L11: 290250 | M11: Clean order (no error) | N11: No | P11: pass | Q11: =IF(P11="pass","No","Yes") -> No | R11: pending_approval | U11: 3.322 | V11: 2026-10-27T10:36:08.535559+00:00 | W11: 2026-10-27T10:36:08.53968+00:00 | X11: 2026-10-27T10:36:08.540085+00:00 | Y11: pending_approval | Z11: 0 | AA11: 0 | AB11: 0 | AC11: 0 | AD11: 0 | AE11: 0 | AF11: 0 | AG11: 0 | AH11: 0 | AI11: Yes
A12: 11 | B12: ORD-3792 | C12: 1 | D12: Ajah Sunrise Housing Co-op | E12: Lekki-Ajah | F12: 3 | G12: 253 | H12: CEM-50 x 190 @ 9,500; PNT-20W x 29 @ 38,000; PVC-4 x 34 @ 8,600 | I12: 3199400 | J12: 6000 | K12: 240405 | L12: 3445805 | M12: Plausible quantity typing slip | N12: No | P12: warn | Q12: =IF(P12="pass","No","Yes") -> Yes | R12: pending_approval | S12: unusual_quantity | T12: Cement, 50 kg bag: 190 is far above this customer's usual 23. | U12: 6.706 | V12: 2026-10-27T10:36:08.541948+00:00 | W12: 2026-10-27T10:36:08.548443+00:00 | X12: 2026-10-27T10:36:08.548891+00:00 | Y12: pending_approval | Z12: 0 | AA12: 0 | AB12: 0 | AC12: 0 | AD12: 0 | AE12: 0 | AF12: 0 | AG12: 0 | AH12: 1 | AI12: Yes
A13: 12 | B13: ORD-3793 | C13: 1 | D13: Lekki Coastal Developers | E13: Lekki-Ajah | F13: 3 | G13: 1126 | H13: ROD-16 x 73 @ 11,800; ROOF-AL x 1043 @ 12,500; TIL-6060 x 10 @ 14,500 | I13: 14043900 | J13: 6000 | K13: 1053742.5 | L13: 15103642 | M13: Quantity above maximum | N13: Yes | O13: quantity | P13: fail | Q13: =IF(P13="pass","No","Yes") -> Yes | R13: validation_failed | S13: quantity, stock | T13: Aluminium roofing sheet, 0.55 mm: quantity must be between 10 and 1000. | Aluminium roofing sheet, 0.55 mm: not enough stock for this quantity. Reduce it. | U13: 3.082 | V13: 2026-10-27T10:36:08.550631+00:00 | W13: 2026-10-27T10:36:08.553931+00:00 | X13: 2026-10-27T10:36:08.554356+00:00 | Y13: validation_failed | Z13: 0 | AA13: 0 | AB13: 1 | AC13: 1 | AD13: 0 | AE13: 0 | AF13: 0 | AG13: 0 | AH13: 0 | AI13: Yes
A14: 13 | B14: ORD-3794 | C14: 1 | D14: Bodija Interiors | E14: Ibadan | F14: 2 | G14: 31 | H14: ROD-12 x 12 @ 7,200; ROD-16 x 19 @ 11,800 | I14: 310600 | J14: 9000 | K14: 23970 | L14: 343570 | M14: Clean order (no error) | N14: No | P14: pass | Q14: =IF(P14="pass","No","Yes") -> No | R14: pending_approval | U14: 6.755 | V14: 2026-10-27T10:36:08.560981+00:00 | W14: 2026-10-27T10:36:08.568594+00:00 | X14: 2026-10-27T10:36:08.56906+00:00 | Y14: pending_approval | Z14: 0 | AA14: 0 | AB14: 0 | AC14: 0 | AD14: 0 | AE14: 0 | AF14: 0 | AG14: 0 | AH14: 0 | AI14: Yes
A15: 14 | B15: ORD-3795 | C15: 1 | D15: Ajah Sunrise Housing Co-op | E15: Lekki-Ajah | F15: 3 | G15: 70 | H15: PNT-20C x 7 @ 38,000; PVC-2 x 2 @ 4,100; PVC-4 x 61 @ 8,600 | I15: 798800 | J15: 6000 | K15: 60360 | L15: 865160 | M15: Clean order (no error) | N15: No | P15: pass | Q15: =IF(P15="pass","No","Yes") -> No | R15: pending_approval | U15: 3.666 | V15: 2026-10-27T10:36:08.570777+00:00 | W15: 2026-10-27T10:36:08.573972+00:00 | X15: 2026-10-27T10:36:08.574559+00:00 | Y15: pending_approval | Z15: 0 | AA15: 0 | AB15: 0 | AC15: 0 | AD15: 0 | AE15: 0 | AF15: 0 | AG15: 0 | AH15: 0 | AI15: Yes
A16: 15 | B16: ORD-3796 | C16: 1 | D16: Kanu Brothers Building Supplies | E16: Lagos Mainland | F16: 3 | G16: 18 | H16: NAIL-3 x 1 @ 31,000; PNT-20C x 8 @ 38,000; PVC-4 x 9 @ 8,600 | I16: 412400 | J16: 4000 | K16: 31230 | L16: 447630 | M16: Clean order (no error) | N16: No | P16: pass | Q16: =IF(P16="pass","No","Yes") -> No | R16: pending_approval | U16: 4.972 | V16: 2026-10-27T10:36:08.576275+00:00 | W16: 2026-10-27T10:36:08.580984+00:00 | X16: 2026-10-27T10:36:08.581428+00:00 | Y16: pending_approval | Z16: 0 | AA16: 0 | AB16: 0 | AC16: 0 | AD16: 0 | AE16: 0 | AF16: 0 | AG16: 0 | AH16: 0 | AI16: Yes
A17: 16 | B17: ORD-3797 | C17: 1 | D17: Adeyemi & Sons Construction Ltd | E17: Ikeja | F17: 1 | G17: 25 | H17: ROD-16 x 25 @ 11,800 | I17: 295000 | J17: 4500 | K17: 22462.5 | L17: 321962.5 | M17: Clean order (no error) | N17: No | P17: pass | Q17: =IF(P17="pass","No","Yes") -> No | R17: pending_approval | U17: 3.037 | V17: 2026-10-27T10:36:08.583089+00:00 | W17: 2026-10-27T10:36:08.585657+00:00 | X17: 2026-10-27T10:36:08.58609+00:00 | Y17: pending_approval | Z17: 0 | AA17: 0 | AB17: 0 | AC17: 0 | AD17: 0 | AE17: 0 | AF17: 0 | AG17: 0 | AH17: 0 | AI17: Yes
A18: 17 | B18: ORD-3798 | C18: 1 | D18: Gwarinpa Homes Ltd | E18: Abuja | F18: 1 | G18: 2 | H18: PVC-2 x 2 @ 4,100 | I18: 8200 | J18: 15000 | K18: 1740 | L18: 24940 | M18: Customer account not active | N18: Yes | O18: customer_status | P18: fail | Q18: =IF(P18="pass","No","Yes") -> Yes | R18: validation_failed | S18: customer_status | T18: The customer account is not active. | U18: 3.207 | V18: 2026-10-27T10:36:08.58771+00:00 | W18: 2026-10-27T10:36:08.590485+00:00 | X18: 2026-10-27T10:36:08.591564+00:00 | Y18: validation_failed | Z18: 0 | AA18: 0 | AB18: 0 | AC18: 0 | AD18: 1 | AE18: 0 | AF18: 0 | AG18: 0 | AH18: 0 | AI18: Yes
A19: 18 | B19: ORD-3799 | C19: 1 | D19: Zuma Rock Engineering | E19: Abuja | F19: 2 | G19: 43 | H19: CEM-50 x 22 @ 9,500; ROOF-AL x 21 @ 12,500 | I19: 471500 | J19: 15000 | K19: 36487.5 | L19: 522987.5 | M19: Customer account not active | N19: Yes | O19: customer_status | P19: fail | Q19: =IF(P19="pass","No","Yes") -> Yes | R19: validation_failed | S19: customer_status | T19: The customer account is not active. | U19: 6.128 | V19: 2026-10-27T10:36:08.592892+00:00 | W19: 2026-10-27T10:36:08.599224+00:00 | X19: 2026-10-27T10:36:08.599662+00:00 | Y19: validation_failed | Z19: 0 | AA19: 0 | AB19: 0 | AC19: 0 | AD19: 1 | AE19: 0 | AF19: 0 | AG19: 0 | AH19: 0 | AI19: Yes
A20: 19 | B20: ORD-3800 | C20: 1 | D20: Marina Point Facilities | E20: Lagos Island | F20: 3 | G20: 37 | H20: PNT-20W x 14 @ 38,000; ROD-16 x 23 @ 11,800; XX-680 x None (not in the catalogue) | I20: 803400 | J20: 5000 | K20: 60630 | L20: 869030 | M20: SKU not in catalogue | N20: Yes | O20: sku | P20: fail | Q20: =IF(P20="pass","No","Yes") -> Yes | R20: validation_failed | S20: sku | T20: Row 4: XX-680 - not in the catalogue | U20: 2.854 | V20: 2026-10-27T10:36:08.601213+00:00 | W20: 2026-10-27T10:36:08.604148+00:00 | X20: 2026-10-27T10:36:08.604599+00:00 | Y20: validation_failed | Z20: 0 | AA20: 1 | AB20: 0 | AC20: 0 | AD20: 0 | AE20: 0 | AF20: 0 | AG20: 0 | AH20: 0 | AI20: Yes
A21: 20 | B21: ORD-3801 | C21: 1 | D21: Greenfield Estates Nigeria | E21: Lekki-Ajah | F21: 2 | G21: 18 | H21: PNT-20C x 1 @ 38,000; ROOF-AL x 17 @ 12,500 | I21: 250500 | J21: 6000 | K21: 19237.5 | L21: 275737.5 | M21: Clean order (no error) | N21: No | P21: pass | Q21: =IF(P21="pass","No","Yes") -> No | R21: pending_approval | U21: 3.353 | V21: 2026-10-27T10:36:08.605834+00:00 | W21: 2026-10-27T10:36:08.610085+00:00 | X21: 2026-10-27T10:36:08.610526+00:00 | Y21: pending_approval | Z21: 0 | AA21: 0 | AB21: 0 | AC21: 0 | AD21: 0 | AE21: 0 | AF21: 0 | AG21: 0 | AH21: 0 | AI21: Yes
A22: 21 | B22: ORD-3802 | C22: 1 | D22: Oyo Central Builders | E22: Ibadan | F22: 1 | G22: 22 | H22: CEM-50 x 22 @ 9,500 | I22: 209000 | J22: 9000 | K22: 16350 | L22: 234350 | M22: Price changed after the order was saved | N22: Yes | O22: pricing | P22: fail | Q22: =IF(P22="pass","No","Yes") -> Yes | R22: validation_failed | S22: pricing | T22: Cement, 50 kg bag: price changed from 9500.00 to 10000.00. Save the order again to update it. | U22: 6.2 | V22: 2026-10-27T10:36:08.612522+00:00 | W22: 2026-10-27T10:36:08.619036+00:00 | X22: 2026-10-27T10:36:08.619481+00:00 | Y22: validation_failed | Z22: 0 | AA22: 0 | AB22: 0 | AC22: 0 | AD22: 0 | AE22: 1 | AF22: 0 | AG22: 0 | AH22: 0 | AI22: Yes
A23: 22 | B23: ORD-3803 | C23: 1 | D23: Apapa Port Works Supplies | E23: Lagos Mainland | F23: 2 | G23: 1559 | H23: PNT-20W x 21 @ 38,000; ROD-12 x 1538 @ 7,200 | I23: 11871600 | J23: 4000 | K23: 890670 | L23: 12766270 | M23: Quantity above maximum | N23: Yes | O23: quantity | P23: fail | Q23: =IF(P23="pass","No","Yes") -> Yes | R23: validation_failed | S23: quantity, stock, unusual_quantity | T23: Iron rod, 12 mm: quantity must be between 5 and 1500. | Iron rod, 12 mm: not enough stock for this quantity. Reduce it. | Iron rod, 12 mm: 1538 is far above this customer's usual 13. | U23: 6.829 | V23: 2026-10-27T10:36:08.621248+00:00 | W23: 2026-10-27T10:36:08.628177+00:00 | X23: 2026-10-27T10:36:08.62862+00:00 | Y23: validation_failed | Z23: 0 | AA23: 0 | AB23: 1 | AC23: 1 | AD23: 0 | AE23: 0 | AF23: 0 | AG23: 0 | AH23: 1 | AI23: Yes
A24: 23 | B24: ORD-3804 | C24: 1 | D24: Oyo Central Builders | E24: Ibadan | F24: 2 | G24: 74 | H24: PNT-20W x 18 @ 38,000; TIL-6060 x 56 @ 14,500 | I24: 1496000 | J24: 9000 | K24: 112875 | L24: 1617875 | M24: Clean order (no error) | N24: No | P24: pass | Q24: =IF(P24="pass","No","Yes") -> No | R24: pending_approval | U24: 5.953 | V24: 2026-10-27T10:36:08.629974+00:00 | W24: 2026-10-27T10:36:08.632975+00:00 | X24: 2026-10-27T10:36:08.633437+00:00 | Y24: pending_approval | Z24: 0 | AA24: 0 | AB24: 0 | AC24: 0 | AD24: 0 | AE24: 0 | AF24: 0 | AG24: 0 | AH24: 0 | AI24: Yes
A25: 24 | B25: ORD-3805 | C25: 1 | D25: Magodo Residential Ltd | E25: Ikeja | F25: 2 | G25: 16 | H25: PNT-20W x 15 @ 38,000; PVC-2 x 1 @ 4,100 | I25: 574100 | J25: 4500 | K25: 43395 | L25: 621995 | M25: Quantity below minimum | N25: Yes | O25: quantity | P25: fail | Q25: =IF(P25="pass","No","Yes") -> Yes | R25: validation_failed | S25: quantity | T25: PVC pipe, 2 inch, 6 m: quantity must be between 2 and 500. | U25: 2.894 | V25: 2026-10-27T10:36:08.638047+00:00 | W25: 2026-10-27T10:36:08.641074+00:00 | X25: 2026-10-27T10:36:08.641507+00:00 | Y25: validation_failed | Z25: 0 | AA25: 0 | AB25: 1 | AC25: 0 | AD25: 0 | AE25: 0 | AF25: 0 | AG25: 0 | AH25: 0 | AI25: Yes
A26: 25 | B26: ORD-3806 | C26: 1 | D26: Gwarinpa Homes Ltd | E26: Abuja | F26: 3 | G26: 39 | H26: NAIL-3 x 3 @ 31,000; PNT-20W x 14 @ 38,000; TIL-6060 x 22 @ 14,500 | I26: 944000 | J26: 15000 | K26: 71925 | L26: 1030925 | M26: Wrong but valid product | N26: No | P26: pass | Q26: =IF(P26="pass","No","Yes") -> No | R26: pending_approval | U26: 5.086 | V26: 2026-10-27T10:36:08.64332+00:00 | W26: 2026-10-27T10:36:08.64799+00:00 | X26: 2026-10-27T10:36:08.648492+00:00 | Y26: pending_approval | Z26: 0 | AA26: 0 | AB26: 0 | AC26: 0 | AD26: 0 | AE26: 0 | AF26: 0 | AG26: 0 | AH26: 0 | AI26: Yes
A27: 26 | B27: ORD-3807 | C27: 1 | D27: Adeyemi & Sons Construction Ltd | E27: Ikeja | F27: 4 | G27: 170 | H27: PNT-20W x 26 @ 38,000; PVC-2 x 6 @ 4,100; ROD-12 x 117 @ 7,200; TIL-6060 x 21 @ 14,500 | I27: 2159500 | J27: 4500 | K27: 162300 | L27: 2326300 | M27: Wrong but valid product | N27: No | P27: warn | Q27: =IF(P27="pass","No","Yes") -> Yes | R27: pending_approval | S27: unusual_quantity | T27: Iron rod, 12 mm: 117 is far above this customer's usual 13. | U27: 12.497 | V27: 2026-10-27T10:36:08.650577+00:00 | W27: 2026-10-27T10:36:08.658325+00:00 | X27: 2026-10-27T10:36:08.663334+00:00 | Y27: pending_approval | Z27: 0 | AA27: 0 | AB27: 0 | AC27: 0 | AD27: 0 | AE27: 0 | AF27: 0 | AG27: 0 | AH27: 1 | AI27: Yes
A28: 27 | B28: ORD-3808 | C28: 1 | D28: Lekki Coastal Developers | E28: (none) | F28: 2 | G28: 27 | H28: PVC-4 x 17 @ 8,600; WIRE-25 x 10 @ 52,000 | I28: 666200 | J28: 0 | K28: 49965 | L28: 716165 | M28: Missing delivery address | N28: Yes | O28: mandatory | P28: fail | Q28: =IF(P28="pass","No","Yes") -> Yes | R28: validation_failed | S28: mandatory | T28: Choose a delivery address. | U28: 2.908 | V28: 2026-10-27T10:36:08.665525+00:00 | W28: 2026-10-27T10:36:08.668539+00:00 | X28: 2026-10-27T10:36:08.668976+00:00 | Y28: validation_failed | Z28: 1 | AA28: 0 | AB28: 0 | AC28: 0 | AD28: 0 | AE28: 0 | AF28: 0 | AG28: 0 | AH28: 0 | AI28: Yes
A29: 28 | B29: ORD-3809 | C29: 1 | D29: Greenfield Estates Nigeria | E29: Lekki-Ajah | F29: 3 | G29: 157 | H29: PNT-20W x 3 @ 38,000; ROD-12 x 90 @ 7,200; ROOF-AL x 64 @ 12,500 | I29: 1562000 | J29: 6000 | K29: 117600 | L29: 1685600 | M29: Plausible quantity typing slip | N29: No | P29: warn | Q29: =IF(P29="pass","No","Yes") -> Yes | R29: pending_approval | S29: unusual_quantity | T29: Iron rod, 12 mm: 90 is far above this customer's usual 13. | U29: 7.869 | V29: 2026-10-27T10:36:08.670462+00:00 | W29: 2026-10-27T10:36:08.678025+00:00 | X29: 2026-10-27T10:36:08.678491+00:00 | Y29: pending_approval | Z29: 0 | AA29: 0 | AB29: 0 | AC29: 0 | AD29: 0 | AE29: 0 | AF29: 0 | AG29: 0 | AH29: 1 | AI29: Yes
A30: 29 | B30: ORD-3810 | C30: 1 | D30: Ola-Ade Hardware & Tiles | E30: (none) | F30: 1 | G30: 11 | H30: ROD-16 x 11 @ 11,800 | I30: 129800 | J30: 0 | K30: 9735 | L30: 139535 | M30: Missing delivery address | N30: Yes | O30: mandatory | P30: fail | Q30: =IF(P30="pass","No","Yes") -> Yes | R30: validation_failed | S30: mandatory | T30: Choose a delivery address. | U30: 2.729 | V30: 2026-10-27T10:36:08.680478+00:00 | W30: 2026-10-27T10:36:08.683227+00:00 | X30: 2026-10-27T10:36:08.683645+00:00 | Y30: validation_failed | Z30: 1 | AA30: 0 | AB30: 0 | AC30: 0 | AD30: 0 | AE30: 0 | AF30: 0 | AG30: 0 | AH30: 0 | AI30: Yes
A31: 30 | B31: ORD-3811 | C31: 1 | D31: Kanu Brothers Building Supplies | E31: Lagos Mainland | F31: 1 | G31: 10 | H31: NAIL-3 x 10 @ 31,000 | I31: 310000 | J31: 4000 | K31: 23550 | L31: 337550 | M31: Clean order (no error) | N31: No | P31: pass | Q31: =IF(P31="pass","No","Yes") -> No | R31: pending_approval | U31: 3.945 | V31: 2026-10-27T10:36:08.685089+00:00 | W31: 2026-10-27T10:36:08.68781+00:00 | X31: 2026-10-27T10:36:08.688957+00:00 | Y31: pending_approval | Z31: 0 | AA31: 0 | AB31: 0 | AC31: 0 | AD31: 0 | AE31: 0 | AF31: 0 | AG31: 0 | AH31: 0 | AI31: Yes
A32: 31 | B32: ORD-3812 | C32: 1 | D32: Ola-Ade Hardware & Tiles | E32: Ikeja | F32: 2 | G32: 56 | H32: NAIL-3 x 14 @ 31,000; PVC-4 x 42 @ 8,600 | I32: 795200 | J32: 4500 | K32: 59977.5 | L32: 859677.5 | M32: Wrong saved address | N32: No | P32: pass | Q32: =IF(P32="pass","No","Yes") -> No | R32: pending_approval | U32: 3.751 | V32: 2026-10-27T10:36:08.691082+00:00 | W32: 2026-10-27T10:36:08.694444+00:00 | X32: 2026-10-27T10:36:08.694881+00:00 | Y32: pending_approval | Z32: 0 | AA32: 0 | AB32: 0 | AC32: 0 | AD32: 0 | AE32: 0 | AF32: 0 | AG32: 0 | AH32: 0 | AI32: Yes
A33: 32 | B33: ORD-3813 | C33: 1 | D33: Yaba Tech Hub Builders | E33: Lagos Mainland | F33: 2 | G33: 1536 | H33: NAIL-3 x 4 @ 31,000; ROD-12 x 1532 @ 7,200 | I33: 11154400 | J33: 4000 | K33: 836880 | L33: 11995280 | M33: Quantity above maximum | N33: Yes | O33: quantity | P33: fail | Q33: =IF(P33="pass","No","Yes") -> Yes | R33: validation_failed | S33: quantity, stock, unusual_quantity | T33: Iron rod, 12 mm: quantity must be between 5 and 1500. | Iron rod, 12 mm: not enough stock for this quantity. Reduce it. | Iron rod, 12 mm: 1532 is far above this customer's usual 13. | U33: 7.855 | V33: 2026-10-27T10:36:08.69704+00:00 | W33: 2026-10-27T10:36:08.705007+00:00 | X33: 2026-10-27T10:36:08.70547+00:00 | Y33: validation_failed | Z33: 0 | AA33: 0 | AB33: 1 | AC33: 1 | AD33: 0 | AE33: 0 | AF33: 0 | AG33: 0 | AH33: 1 | AI33: Yes
A34: 33 | B34: ORD-3814 | C34: 1 | D34: Oyo Central Builders | E34: Ibadan | F34: 2 | G34: 298 | H34: CEM-50 x 250 @ 9,500; ROOF-AL x 48 @ 12,500 | I34: 2975000 | J34: 9000 | K34: 223800 | L34: 3207800 | M34: Plausible quantity typing slip | N34: No | P34: warn | Q34: =IF(P34="pass","No","Yes") -> Yes | R34: pending_approval | S34: unusual_quantity | T34: Cement, 50 kg bag: 250 is far above this customer's usual 23. | U34: 7.735 | V34: 2026-10-27T10:36:08.707096+00:00 | W34: 2026-10-27T10:36:08.71435+00:00 | X34: 2026-10-27T10:36:08.714871+00:00 | Y34: pending_approval | Z34: 0 | AA34: 0 | AB34: 0 | AC34: 0 | AD34: 0 | AE34: 0 | AF34: 0 | AG34: 0 | AH34: 1 | AI34: Yes
A35: 34 | B35: ORD-3815 | C35: 1 | D35: Apapa Port Works Supplies | E35: Lagos Mainland | F35: 2 | G35: 607 | H35: PVC-4 x 548 @ 8,600; ROOF-AL x 59 @ 12,500 | I35: 5450300 | J35: 4000 | K35: 409072.5 | L35: 5863372.5 | M35: Quantity above maximum | N35: Yes | O35: quantity | P35: fail | Q35: =IF(P35="pass","No","Yes") -> Yes | R35: validation_failed | S35: quantity, stock | T35: PVC pipe, 4 inch, 6 m: quantity must be between 2 and 500. | PVC pipe, 4 inch, 6 m: not enough stock for this quantity. Reduce it. | U35: 3.544 | V35: 2026-10-27T10:36:08.717174+00:00 | W35: 2026-10-27T10:36:08.720829+00:00 | X35: 2026-10-27T10:36:08.721306+00:00 | Y35: validation_failed | Z35: 0 | AA35: 0 | AB35: 1 | AC35: 1 | AD35: 0 | AE35: 0 | AF35: 0 | AG35: 0 | AH35: 0 | AI35: Yes
A36: 35 | B36: ORD-3816 | C36: 1 | D36: Lekki Coastal Developers | E36: Lekki-Ajah | F36: 1 | G36: 8 | H36: WIRE-25 x 8 @ 52,000 | I36: 416000 | J36: 6000 | K36: 31650 | L36: 453650 | M36: Clean order (no error) | N36: No | P36: pass | Q36: =IF(P36="pass","No","Yes") -> No | R36: pending_approval | U36: 3.315 | V36: 2026-10-27T10:36:08.722946+00:00 | W36: 2026-10-27T10:36:08.725791+00:00 | X36: 2026-10-27T10:36:08.726248+00:00 | Y36: pending_approval | Z36: 0 | AA36: 0 | AB36: 0 | AC36: 0 | AD36: 0 | AE36: 0 | AF36: 0 | AG36: 0 | AH36: 0 | AI36: Yes
A37: 36 | B37: ORD-3817 | C37: 1 | D37: Ola-Ade Hardware & Tiles | E37: Ikeja | F37: 3 | G37: 206 | H37: CEM-50 x 200 @ 9,500; PNT-20C x 4 @ 38,000; PVC-2 x 2 @ 4,100 | I37: 2060200 | J37: 4500 | K37: 154852.5 | L37: 2219552.5 | M37: Plausible quantity typing slip | N37: No | P37: warn | Q37: =IF(P37="pass","No","Yes") -> Yes | R37: pending_approval | S37: unusual_quantity | T37: Cement, 50 kg bag: 200 is far above this customer's usual 23. | U37: 8.674 | V37: 2026-10-27T10:36:08.728406+00:00 | W37: 2026-10-27T10:36:08.737966+00:00 | X37: 2026-10-27T10:36:08.738481+00:00 | Y37: pending_approval | Z37: 0 | AA37: 0 | AB37: 0 | AC37: 0 | AD37: 0 | AE37: 0 | AF37: 0 | AG37: 0 | AH37: 1 | AI37: Yes
A38: 37 | B38: ORD-3818 | C38: 1 | D38: Eko Bridge Contractors | E38: Lagos Island | F38: 1 | G38: 4 | H38: PNT-20W x 4 @ 38,000 | I38: 152000 | J38: 5000 | K38: 11775 | L38: 168775 | M38: Price changed after the order was saved | N38: Yes | O38: pricing | P38: fail | Q38: =IF(P38="pass","No","Yes") -> Yes | R38: validation_failed | S38: pricing | T38: Emulsion paint, white, 20 L: price changed from 38000.00 to 39900.00. Save the order again to update it. | U38: 3.162 | V38: 2026-10-27T10:36:08.741032+00:00 | W38: 2026-10-27T10:36:08.74445+00:00 | X38: 2026-10-27T10:36:08.744917+00:00 | Y38: validation_failed | Z38: 0 | AA38: 0 | AB38: 0 | AC38: 0 | AD38: 0 | AE38: 1 | AF38: 0 | AG38: 0 | AH38: 0 | AI38: Yes
A39: 38 | B39: ORD-3819 | C39: 1 | D39: Adeyemi & Sons Construction Ltd | E39: Ikeja | F39: 2 | G39: 16 | H39: WIRE-25 x 16 @ 52,000; XX-526 x None (not in the catalogue) | I39: 832000 | J39: 4500 | K39: 62737.5 | L39: 899237.5 | M39: SKU not in catalogue | N39: Yes | O39: sku | P39: fail | Q39: =IF(P39="pass","No","Yes") -> Yes | R39: validation_failed | S39: sku | T39: Row 3: XX-526 - not in the catalogue | U39: 3.037 | V39: 2026-10-27T10:36:08.746884+00:00 | W39: 2026-10-27T10:36:08.749938+00:00 | X39: 2026-10-27T10:36:08.750419+00:00 | Y39: validation_failed | Z39: 0 | AA39: 1 | AB39: 0 | AC39: 0 | AD39: 0 | AE39: 0 | AF39: 0 | AG39: 0 | AH39: 0 | AI39: Yes
A40: 39 | B40: ORD-3820 | C40: 1 | D40: Surulere Paint & Finish | E40: Lagos Mainland | F40: 3 | G40: 64 | H40: PVC-4 x 54 @ 8,600; SAND-T x 1 @ 185,000; WIRE-25 x 9 @ 52,000 | I40: 1117400 | J40: 4000 | K40: 84105 | L40: 1205505 | M40: Discontinued product | N40: Yes | O40: sku | P40: fail | Q40: =IF(P40="pass","No","Yes") -> Yes | R40: validation_failed | S40: sku, stock | T40: SAND-T is no longer sold. Remove it. | Sharp sand, 20 tonne trip is out of stock. | U40: 3.76 | V40: 2026-10-27T10:36:08.752082+00:00 | W40: 2026-10-27T10:36:08.756121+00:00 | X40: 2026-10-27T10:36:08.756608+00:00 | Y40: validation_failed | Z40: 0 | AA40: 1 | AB40: 0 | AC40: 1 | AD40: 0 | AE40: 0 | AF40: 0 | AG40: 0 | AH40: 0 | AI40: Yes
A41: 40 | B41: ORD-3821 | C41: 1 | D41: Northgate Realty Abuja | E41: Abuja | F41: 2 | G41: 27 | H41: PVC-4 x 18 @ 8,600; WIRE-25 x 9 @ 52,000 | I41: 622800 | J41: 15000 | K41: 47835 | L41: 685635 | M41: Clean order (no error) | N41: No | P41: pass | Q41: =IF(P41="pass","No","Yes") -> No | R41: pending_approval | U41: 4.109 | V41: 2026-10-27T10:36:08.758335+00:00 | W41: 2026-10-27T10:36:08.761987+00:00 | X41: 2026-10-27T10:36:08.762492+00:00 | Y41: pending_approval | Z41: 0 | AA41: 0 | AB41: 0 | AC41: 0 | AD41: 0 | AE41: 0 | AF41: 0 | AG41: 0 | AH41: 0 | AI41: Yes
A42: 41 | B42: ORD-3822 | C42: 1 | D42: Eko Bridge Contractors | E42: Lagos Island | F42: 3 | G42: 10 | H42: NAIL-3 x 2 @ 31,000; PNT-20C x 6 @ 38,000; PVC-2 x 2 @ 4,100 | I42: 298200 | J42: 5000 | K42: 22740 | L42: 325940 | M42: Wrong saved address | N42: No | P42: pass | Q42: =IF(P42="pass","No","Yes") -> No | R42: pending_approval | U42: 4.64 | V42: 2026-10-27T10:36:08.76477+00:00 | W42: 2026-10-27T10:36:08.770395+00:00 | X42: 2026-10-27T10:36:08.770864+00:00 | Y42: pending_approval | Z42: 0 | AA42: 0 | AB42: 0 | AC42: 0 | AD42: 0 | AE42: 0 | AF42: 0 | AG42: 0 | AH42: 0 | AI42: Yes
A43: 42 | B43: ORD-3823 | C43: 1 | D43: Ajah Sunrise Housing Co-op | E43: Lekki-Ajah | F43: 4 | G43: 126 | H43: PNT-20W x 14 @ 38,000; PVC-2 x 9 @ 4,100; ROD-16 x 44 @ 11,800; ROOF-AL x 59 @ 12,500 | I43: 1825600 | J43: 6000 | K43: 137370 | L43: 1968970 | M43: Wrong but valid product | N43: No | P43: pass | Q43: =IF(P43="pass","No","Yes") -> No | R43: pending_approval | U43: 5.314 | V43: 2026-10-27T10:36:08.773378+00:00 | W43: 2026-10-27T10:36:08.779778+00:00 | X43: 2026-10-27T10:36:08.780271+00:00 | Y43: pending_approval | Z43: 0 | AA43: 0 | AB43: 0 | AC43: 0 | AD43: 0 | AE43: 0 | AF43: 0 | AG43: 0 | AH43: 0 | AI43: Yes
A44: 43 | B44: ORD-3824 | C44: 1 | D44: Magodo Residential Ltd | E44: Ikeja | F44: 1 | G44: 16 | H44: PVC-4 x 16 @ 8,600 | I44: 137600 | J44: 4500 | K44: 10657.5 | L44: 152757.5 | M44: Customer account not active | N44: Yes | O44: customer_status | P44: fail | Q44: =IF(P44="pass","No","Yes") -> Yes | R44: validation_failed | S44: customer_status | T44: The customer account is not active. | U44: 4.532 | V44: 2026-10-27T10:36:08.78265+00:00 | W44: 2026-10-27T10:36:08.787266+00:00 | X44: 2026-10-27T10:36:08.787758+00:00 | Y44: validation_failed | Z44: 0 | AA44: 0 | AB44: 0 | AC44: 0 | AD44: 1 | AE44: 0 | AF44: 0 | AG44: 0 | AH44: 0 | AI44: Yes
A45: 44 | B45: ORD-3825 | C45: 1 | D45: Kanu Brothers Building Supplies | E45: Lagos Mainland | F45: 3 | G45: 135 | H45: CEM-50 x 68 @ 9,500; PNT-20W x 29 @ 38,000; PVC-4 x 38 @ 8,600 | I45: 2074800 | J45: 4000 | K45: 155910 | L45: 2234710 | M45: Clean order (no error) | N45: No | P45: warn | Q45: =IF(P45="pass","No","Yes") -> Yes | R45: pending_approval | S45: unusual_quantity | T45: Cement, 50 kg bag: 68 is far above this customer's usual 23. | U45: 9.259 | V45: 2026-10-27T10:36:08.789645+00:00 | W45: 2026-10-27T10:36:08.798562+00:00 | X45: 2026-10-27T10:36:08.799032+00:00 | Y45: pending_approval | Z45: 0 | AA45: 0 | AB45: 0 | AC45: 0 | AD45: 0 | AE45: 0 | AF45: 0 | AG45: 0 | AH45: 1 | AI45: Yes
A46: 45 | B46: ORD-3826 | C46: 1 | D46: Lekki Coastal Developers | E46: Lekki-Ajah | F46: 1 | G46: 64 | H46: ROD-16 x 64 @ 11,800 | I46: 755200 | J46: 6000 | K46: 57090 | L46: 818290 | M46: Clean order (no error) | N46: No | P46: pass | Q46: =IF(P46="pass","No","Yes") -> No | R46: pending_approval | U46: 3.634 | V46: 2026-10-27T10:36:08.801611+00:00 | W46: 2026-10-27T10:36:08.804759+00:00 | X46: 2026-10-27T10:36:08.805261+00:00 | Y46: pending_approval | Z46: 0 | AA46: 0 | AB46: 0 | AC46: 0 | AD46: 0 | AE46: 0 | AF46: 0 | AG46: 0 | AH46: 0 | AI46: Yes
A47: 46 | B47: ORD-3827 | C47: 1 | D47: Ibadan Prime Homes Ltd | E47: Ibadan | F47: 3 | G47: 29 | H47: PNT-20W x 2 @ 38,000; TIL-6060 x 27 @ 14,500; XX-565 x None (not in the catalogue) | I47: 467500 | J47: 9000 | K47: 35737.5 | L47: 512237.5 | M47: SKU not in catalogue | N47: Yes | O47: sku | P47: fail | Q47: =IF(P47="pass","No","Yes") -> Yes | R47: validation_failed | S47: sku | T47: Row 4: XX-565 - not in the catalogue | U47: 3.861 | V47: 2026-10-27T10:36:08.807598+00:00 | W47: 2026-10-27T10:36:08.817402+00:00 | X47: 2026-10-27T10:36:08.817848+00:00 | Y47: validation_failed | Z47: 0 | AA47: 1 | AB47: 0 | AC47: 0 | AD47: 0 | AE47: 0 | AF47: 0 | AG47: 0 | AH47: 0 | AI47: Yes
A48: 47 | B48: ORD-3828 | C48: 1 | D48: Oyo Central Builders | E48: Ibadan | F48: 3 | G48: 14 | H48: PNT-20W x 4 @ 38,000; PVC-2 x 2 @ 4,100; WIRE-25 x 8 @ 52,000 | I48: 576200 | J48: 9000 | K48: 43890 | L48: 629090 | M48: Clean order (no error) | N48: No | P48: pass | Q48: =IF(P48="pass","No","Yes") -> No | R48: pending_approval | U48: 5.13 | V48: 2026-10-27T10:36:08.819753+00:00 | W48: 2026-10-27T10:36:08.824606+00:00 | X48: 2026-10-27T10:36:08.825082+00:00 | Y48: pending_approval | Z48: 0 | AA48: 0 | AB48: 0 | AC48: 0 | AD48: 0 | AE48: 0 | AF48: 0 | AG48: 0 | AH48: 0 | AI48: Yes
A49: 48 | B49: ORD-3829 | C49: 1 | D49: Apapa Port Works Supplies | E49: Lagos Mainland | F49: 3 | G49: 190 | H49: CEM-50 x 170 @ 9,500; PVC-2 x 2 @ 4,100; ROOF-AL x 18 @ 12,500 | I49: 1848200 | J49: 4000 | K49: 138915 | L49: 1991115 | M49: Wrong saved address | N49: No | P49: warn | Q49: =IF(P49="pass","No","Yes") -> Yes | R49: pending_approval | S49: unusual_quantity | T49: Cement, 50 kg bag: 170 is far above this customer's usual 23. | U49: 9.384 | V49: 2026-10-27T10:36:08.827519+00:00 | W49: 2026-10-27T10:36:08.836629+00:00 | X49: 2026-10-27T10:36:08.837133+00:00 | Y49: pending_approval | Z49: 0 | AA49: 0 | AB49: 0 | AC49: 0 | AD49: 0 | AE49: 0 | AF49: 0 | AG49: 0 | AH49: 1 | AI49: Yes
A50: 49 | B50: ORD-3830 | C50: 1 | D50: Ajah Sunrise Housing Co-op | E50: Lekki-Ajah | F50: 1 | G50: 1 | H50: PNT-20C x 1 @ 38,000 | I50: 38000 | J50: 6000 | K50: 3300 | L50: 47300 | M50: Delivery date in the past | N50: Yes | O50: delivery | P50: fail | Q50: =IF(P50="pass","No","Yes") -> Yes | R50: validation_failed | S50: delivery | T50: The delivery date is in the past. | U50: 4.468 | V50: 2026-10-27T10:36:08.83965+00:00 | W50: 2026-10-27T10:36:08.842971+00:00 | X50: 2026-10-27T10:36:08.844639+00:00 | Y50: validation_failed | Z50: 0 | AA50: 0 | AB50: 0 | AC50: 0 | AD50: 0 | AE50: 0 | AF50: 1 | AG50: 0 | AH50: 0 | AI50: Yes
A51: 50 | B51: ORD-3831 | C51: 1 | D51: Ibadan Prime Homes Ltd | E51: Ibadan | F51: 4 | G51: 235 | H51: CEM-50 x 180 @ 9,500; PNT-20W x 12 @ 38,000; PVC-2 x 2 @ 4,100; PVC-4 x 41 @ 8,600 | I51: 2526800 | J51: 9000 | K51: 190185 | L51: 2725985 | M51: Wrong but valid product | N51: No | P51: warn | Q51: =IF(P51="pass","No","Yes") -> Yes | R51: pending_approval | S51: unusual_quantity | T51: Cement, 50 kg bag: 180 is far above this customer's usual 54. | U51: 10.723 | V51: 2026-10-27T10:36:08.846754+00:00 | W51: 2026-10-27T10:36:08.857258+00:00 | X51: 2026-10-27T10:36:08.857766+00:00 | Y51: pending_approval | Z51: 0 | AA51: 0 | AB51: 0 | AC51: 0 | AD51: 0 | AE51: 0 | AF51: 0 | AG51: 0 | AH51: 1 | AI51: Yes
A52: 51 | B52: ORD-3832 | C52: 2 | D52: Eko Bridge Contractors | E52: Lagos Island | F52: 3 | G52: 130 | H52: PNT-20C x 8 @ 38,000; PVC-4 x 55 @ 8,600; TIL-6060 x 67 @ 14,500 | I52: 1748500 | J52: 5000 | K52: 131512.5 | L52: 1885012.5 | M52: Price changed after the order was saved | N52: Yes | O52: pricing | P52: fail | Q52: =IF(P52="pass","No","Yes") -> Yes | R52: validation_failed | S52: pricing | T52: Emulsion paint, cream, 20 L: price changed from 38000.00 to 39900.00. Save the order again to update it. | U52: 5.579 | V52: 2026-10-27T10:36:08.860505+00:00 | W52: 2026-10-27T10:36:08.866717+00:00 | X52: 2026-10-27T10:36:08.867168+00:00 | Y52: validation_failed | Z52: 0 | AA52: 0 | AB52: 0 | AC52: 0 | AD52: 0 | AE52: 1 | AF52: 0 | AG52: 0 | AH52: 0 | AI52: Yes
A53: 52 | B53: ORD-3833 | C53: 2 | D53: Eko Bridge Contractors | E53: Lagos Island | F53: 2 | G53: 77 | H53: CEM-50 x 31 @ 9,500; ROD-16 x 46 @ 11,800 | I53: 837300 | J53: 5000 | K53: 63172.5 | L53: 905472.5 | M53: Price changed after the order was saved | N53: Yes | O53: pricing | P53: fail | Q53: =IF(P53="pass","No","Yes") -> Yes | R53: validation_failed | S53: pricing | T53: Cement, 50 kg bag: price changed from 9500.00 to 10000.00. Save the order again to update it. | U53: 8.672 | V53: 2026-10-27T10:36:08.86955+00:00 | W53: 2026-10-27T10:36:08.878547+00:00 | X53: 2026-10-27T10:36:08.879015+00:00 | Y53: validation_failed | Z53: 0 | AA53: 0 | AB53: 0 | AC53: 0 | AD53: 0 | AE53: 1 | AF53: 0 | AG53: 0 | AH53: 0 | AI53: Yes
A54: 53 | B54: ORD-3834 | C54: 2 | D54: Northgate Realty Abuja | E54: Abuja | F54: 2 | G54: 143 | H54: CEM-50 x 110 @ 9,500; ROD-12 x 33 @ 7,200 | I54: 1282600 | J54: 15000 | K54: 97320 | L54: 1394920 | M54: Missing delivery date | N54: Yes | O54: mandatory | P54: fail | Q54: =IF(P54="pass","No","Yes") -> Yes | R54: validation_failed | S54: mandatory, unusual_quantity | T54: Choose a delivery date. | Cement, 50 kg bag: 110 is far above this customer's usual 23. | U54: 13.255 | V54: 2026-10-27T10:36:08.881324+00:00 | W54: 2026-10-27T10:36:08.894679+00:00 | X54: 2026-10-27T10:36:08.895164+00:00 | Y54: validation_failed | Z54: 1 | AA54: 0 | AB54: 0 | AC54: 0 | AD54: 0 | AE54: 0 | AF54: 0 | AG54: 0 | AH54: 1 | AI54: No
A55: 54 | B55: ORD-3835 | C55: 2 | D55: Oyo Central Builders | E55: Ibadan | F55: 3 | G55: 76 | H55: NAIL-3 x 11 @ 31,000; ROOF-AL x 59 @ 12,500; WIRE-25 x 6 @ 52,000 | I55: 1390500 | J55: 9000 | K55: 104962.5 | L55: 1504462.5 | M55: Clean order (no error) | N55: No | P55: pass | Q55: =IF(P55="pass","No","Yes") -> No | R55: pending_approval | U55: 5.396 | V55: 2026-10-27T10:36:08.897319+00:00 | W55: 2026-10-27T10:36:08.903059+00:00 | X55: 2026-10-27T10:36:08.903571+00:00 | Y55: pending_approval | Z55: 0 | AA55: 0 | AB55: 0 | AC55: 0 | AD55: 0 | AE55: 0 | AF55: 0 | AG55: 0 | AH55: 0 | AI55: Yes
A56: 55 | B56: ORD-3836 | C56: 2 | D56: Victoria Island Fit-Out Ltd | E56: Lagos Island | F56: 2 | G56: 99 | H56: PVC-2 x 2 @ 4,100; ROD-12 x 97 @ 7,200 | I56: 706600 | J56: 5000 | K56: 53370 | L56: 764970 | M56: Clean order (no error) | N56: No | P56: warn | Q56: =IF(P56="pass","No","Yes") -> Yes | R56: pending_approval | S56: unusual_quantity | T56: Iron rod, 12 mm: 97 is far above this customer's usual 13. | U56: 9.213 | V56: 2026-10-27T10:36:08.906192+00:00 | W56: 2026-10-27T10:36:08.915023+00:00 | X56: 2026-10-27T10:36:08.915549+00:00 | Y56: pending_approval | Z56: 0 | AA56: 0 | AB56: 0 | AC56: 0 | AD56: 0 | AE56: 0 | AF56: 0 | AG56: 0 | AH56: 1 | AI56: Yes
A57: 56 | B57: ORD-3837 | C57: 2 | D57: Bodija Interiors | E57: Ibadan | F57: 3 | G57: 137 | H57: CEM-50 x 75 @ 9,500; PVC-2 x 6 @ 4,100; ROD-16 x 56 @ 11,800 | I57: 1397900 | J57: 9000 | K57: 105517.5 | L57: 1512417.5 | M57: Wrong but valid product | N57: No | P57: warn | Q57: =IF(P57="pass","No","Yes") -> Yes | R57: pending_approval | S57: unusual_quantity | T57: Cement, 50 kg bag: 75 is far above this customer's usual 23. | U57: 11.995 | V57: 2026-10-27T10:36:08.918398+00:00 | W57: 2026-10-27T10:36:08.930086+00:00 | X57: 2026-10-27T10:36:08.93064+00:00 | Y57: pending_approval | Z57: 0 | AA57: 0 | AB57: 0 | AC57: 0 | AD57: 0 | AE57: 0 | AF57: 0 | AG57: 0 | AH57: 1 | AI57: Yes
A58: 57 | B58: ORD-3838 | C58: 2 | D58: Victoria Island Fit-Out Ltd | E58: Lagos Island | F58: 2 | G58: 99 | H58: PVC-2 x 2 @ 4,100; ROD-12 x 97 @ 7,200 | I58: 706600 | J58: 5000 | K58: 53370 | L58: 764970 | M58: Duplicate order | N58: Yes | O58: duplicate | P58: warn | Q58: =IF(P58="pass","No","Yes") -> Yes | R58: draft | S58: duplicate, unusual_quantity | T58: Iron rod, 12 mm: 97 is far above this customer's usual 29. | This looks like a repeat of ORD-3836. Confirm it is a new order. | U58: 8.36 | V58: 2026-10-27T10:36:08.933593+00:00 | X58: 2026-10-27T10:36:08.933593+00:00 | Y58: draft | Z58: 0 | AA58: 0 | AB58: 0 | AC58: 0 | AD58: 0 | AE58: 0 | AF58: 0 | AG58: 1 | AH58: 1 | AI58: Yes
A59: 58 | B59: ORD-3839 | C59: 2 | D59: Bodija Interiors | E59: Ibadan | F59: 1 | G59: 153 | H59: CEM-50 x 153 @ 9,500 | I59: 1453500 | J59: 9000 | K59: 109687.5 | L59: 1572187.5 | M59: Clean order (no error) | N59: No | P59: warn | Q59: =IF(P59="pass","No","Yes") -> Yes | R59: pending_approval | S59: unusual_quantity | T59: Cement, 50 kg bag: 153 is far above this customer's usual 33. | U59: 10.376 | V59: 2026-10-27T10:36:08.944791+00:00 | W59: 2026-10-27T10:36:08.953345+00:00 | X59: 2026-10-27T10:36:08.953882+00:00 | Y59: pending_approval | Z59: 0 | AA59: 0 | AB59: 0 | AC59: 0 | AD59: 0 | AE59: 0 | AF59: 0 | AG59: 0 | AH59: 1 | AI59: Yes
A60: 59 | B60: ORD-3840 | C60: 2 | D60: Surulere Paint & Finish | E60: Lagos Mainland | F60: 2 | G60: 81 | H60: PVC-4 x 2 @ 8,600; ROD-12 x 79 @ 7,200 | I60: 586000 | J60: 4000 | K60: 44250 | L60: 634250 | M60: Wrong but valid product | N60: No | P60: warn | Q60: =IF(P60="pass","No","Yes") -> Yes | R60: pending_approval | S60: unusual_quantity | T60: Iron rod, 12 mm: 79 is far above this customer's usual 13. | U60: 9.636 | V60: 2026-10-27T10:36:08.958057+00:00 | W60: 2026-10-27T10:36:08.967301+00:00 | X60: 2026-10-27T10:36:08.96781+00:00 | Y60: pending_approval | Z60: 0 | AA60: 0 | AB60: 0 | AC60: 0 | AD60: 0 | AE60: 0 | AF60: 0 | AG60: 0 | AH60: 1 | AI60: Yes
A61: 60 | B61: ORD-3841 | C61: 2 | D61: Magodo Residential Ltd | E61: (none) | F61: 2 | G61: 73 | H61: PVC-4 x 44 @ 8,600; ROOF-AL x 29 @ 12,500 | I61: 740900 | J61: 0 | K61: 55567.5 | L61: 796467.5 | M61: Missing delivery address | N61: Yes | O61: mandatory | P61: fail | Q61: =IF(P61="pass","No","Yes") -> Yes | R61: validation_failed | S61: mandatory | T61: Choose a delivery address. | U61: 4.31 | V61: 2026-10-27T10:36:08.970602+00:00 | W61: 2026-10-27T10:36:08.975118+00:00 | X61: 2026-10-27T10:36:08.975595+00:00 | Y61: validation_failed | Z61: 1 | AA61: 0 | AB61: 0 | AC61: 0 | AD61: 0 | AE61: 0 | AF61: 0 | AG61: 0 | AH61: 0 | AI61: Yes
A62: 61 | B62: ORD-3842 | C62: 2 | D62: Lekki Coastal Developers | E62: Lekki-Ajah | F62: 1 | G62: 7 | H62: PNT-20C x 7 @ 38,000 | I62: 266000 | J62: 6000 | K62: 20400 | L62: 292400 | M62: Clean order (no error) | N62: No | P62: pass | Q62: =IF(P62="pass","No","Yes") -> No | R62: pending_approval | U62: 4.004 | V62: 2026-10-27T10:36:08.977737+00:00 | W62: 2026-10-27T10:36:08.981235+00:00 | X62: 2026-10-27T10:36:08.981718+00:00 | Y62: pending_approval | Z62: 0 | AA62: 0 | AB62: 0 | AC62: 0 | AD62: 0 | AE62: 0 | AF62: 0 | AG62: 0 | AH62: 0 | AI62: Yes
A63: 62 | B63: ORD-3843 | C63: 2 | D63: Apapa Port Works Supplies | E63: Lagos Mainland | F63: 2 | G63: 40 | H63: ROOF-AL x 32 @ 12,500; WIRE-25 x 8 @ 52,000 | I63: 816000 | J63: 4000 | K63: 61500 | L63: 881500 | M63: Clean order (no error) | N63: No | P63: pass | Q63: =IF(P63="pass","No","Yes") -> No | R63: pending_approval | U63: 7.672 | V63: 2026-10-27T10:36:08.984461+00:00 | W63: 2026-10-27T10:36:08.990295+00:00 | X63: 2026-10-27T10:36:08.992235+00:00 | Y63: pending_approval | Z63: 0 | AA63: 0 | AB63: 0 | AC63: 0 | AD63: 0 | AE63: 0 | AF63: 0 | AG63: 0 | AH63: 0 | AI63: Yes
A64: 63 | B64: ORD-3844 | C64: 2 | D64: Zuma Rock Engineering | E64: Abuja | F64: 3 | G64: 76 | H64: NAIL-3 x 1 @ 31,000; PVC-2 x 2 @ 4,100; TIL-6060 x 73 @ 14,500 | I64: 1097700 | J64: 15000 | K64: 83452.5 | L64: 1196152.5 | M64: Clean order (no error) | N64: No | P64: pass | Q64: =IF(P64="pass","No","Yes") -> No | R64: pending_approval | U64: 5.948 | V64: 2026-10-27T10:36:08.995031+00:00 | W64: 2026-10-27T10:36:09.000632+00:00 | X64: 2026-10-27T10:36:09.00113+00:00 | Y64: pending_approval | Z64: 0 | AA64: 0 | AB64: 0 | AC64: 0 | AD64: 0 | AE64: 0 | AF64: 0 | AG64: 0 | AH64: 0 | AI64: Yes
A65: 64 | B65: ORD-3845 | C65: 2 | D65: Kanu Brothers Building Supplies | E65: (none) | F65: 3 | G65: 21 | H65: PNT-20W x 18 @ 38,000; PVC-2 x 2 @ 4,100; WIRE-25 x 1 @ 52,000 | I65: 744200 | J65: 0 | K65: 55815 | L65: 800015 | M65: Missing delivery address | N65: Yes | O65: mandatory | P65: fail | Q65: =IF(P65="pass","No","Yes") -> Yes | R65: validation_failed | S65: mandatory | T65: Choose a delivery address. | U65: 5.819 | V65: 2026-10-27T10:36:09.003984+00:00 | W65: 2026-10-27T10:36:09.010098+00:00 | X65: 2026-10-27T10:36:09.010609+00:00 | Y65: validation_failed | Z65: 1 | AA65: 0 | AB65: 0 | AC65: 0 | AD65: 0 | AE65: 0 | AF65: 0 | AG65: 0 | AH65: 0 | AI65: Yes
A66: 65 | B66: ORD-3846 | C66: 2 | D66: Lekki Coastal Developers | E66: Lekki-Ajah | F66: 2 | G66: 24 | H66: PNT-20W x 22 @ 38,000; PVC-2 x 2 @ 4,100 | I66: 844200 | J66: 6000 | K66: 63765 | L66: 913965 | M66: Clean order (no error) | N66: No | P66: pass | Q66: =IF(P66="pass","No","Yes") -> No | R66: pending_approval | U66: 5.606 | V66: 2026-10-27T10:36:09.012819+00:00 | W66: 2026-10-27T10:36:09.018013+00:00 | X66: 2026-10-27T10:36:09.01853+00:00 | Y66: pending_approval | Z66: 0 | AA66: 0 | AB66: 0 | AC66: 0 | AD66: 0 | AE66: 0 | AF66: 0 | AG66: 0 | AH66: 0 | AI66: Yes
A67: 66 | B67: ORD-3847 | C67: 2 | D67: Ola-Ade Hardware & Tiles | E67: Ikeja | F67: 2 | G67: 120 | H67: ROD-12 x 120 @ 7,200; XX-770 x None (not in the catalogue) | I67: 864000 | J67: 4500 | K67: 65137.5 | L67: 933637.5 | M67: SKU not in catalogue | N67: Yes | O67: sku | P67: fail | Q67: =IF(P67="pass","No","Yes") -> Yes | R67: validation_failed | S67: sku, unusual_quantity | T67: Row 3: XX-770 - not in the catalogue | Iron rod, 12 mm: 120 is far above this customer's usual 13. | U67: 8.575 | V67: 2026-10-27T10:36:09.021342+00:00 | W67: 2026-10-27T10:36:09.029922+00:00 | X67: 2026-10-27T10:36:09.030407+00:00 | Y67: validation_failed | Z67: 0 | AA67: 1 | AB67: 0 | AC67: 0 | AD67: 0 | AE67: 0 | AF67: 0 | AG67: 0 | AH67: 1 | AI67: Yes
A68: 67 | B68: ORD-3848 | C68: 2 | D68: Greenfield Estates Nigeria | E68: Lekki-Ajah | F68: 4 | G68: 86 | H68: PNT-20C x 6 @ 38,000; PVC-4 x 39 @ 8,600; ROOF-AL x 9 @ 12,500; TIL-6060 x 32 @ 14,500 | I68: 1139900 | J68: 6000 | K68: 85942.5 | L68: 1231842.5 | M68: Quantity below minimum | N68: Yes | O68: quantity | P68: fail | Q68: =IF(P68="pass","No","Yes") -> Yes | R68: validation_failed | S68: quantity | T68: Aluminium roofing sheet, 0.55 mm: quantity must be between 10 and 1000. | U68: 7.518 | V68: 2026-10-27T10:36:09.032819+00:00 | W68: 2026-10-27T10:36:09.040773+00:00 | X68: 2026-10-27T10:36:09.041268+00:00 | Y68: validation_failed | Z68: 0 | AA68: 0 | AB68: 1 | AC68: 0 | AD68: 0 | AE68: 0 | AF68: 0 | AG68: 0 | AH68: 0 | AI68: Yes
A69: 68 | B69: ORD-3849 | C69: 2 | D69: Victoria Island Fit-Out Ltd | E69: Lagos Island | F69: 3 | G69: 155 | H69: PNT-20C x 6 @ 38,000; ROD-12 x 141 @ 7,200; WIRE-25 x 8 @ 52,000 | I69: 1659200 | J69: 5000 | K69: 124815 | L69: 1789015 | M69: Wrong saved address | N69: No | P69: warn | Q69: =IF(P69="pass","No","Yes") -> Yes | R69: pending_approval | S69: unusual_quantity | T69: Iron rod, 12 mm: 141 is far above this customer's usual 29. | U69: 11.228 | V69: 2026-10-27T10:36:09.043596+00:00 | W69: 2026-10-27T10:36:09.055819+00:00 | X69: 2026-10-27T10:36:09.056344+00:00 | Y69: pending_approval | Z69: 0 | AA69: 0 | AB69: 0 | AC69: 0 | AD69: 0 | AE69: 0 | AF69: 0 | AG69: 0 | AH69: 1 | AI69: Yes
A70: 69 | B70: ORD-3850 | C70: 2 | D70: Marina Point Facilities | E70: Lagos Island | F70: 2 | G70: 537 | H70: PNT-20W x 6 @ 38,000; PVC-2 x 531 @ 4,100 | I70: 2405100 | J70: 5000 | K70: 180757.5 | L70: 2590857.5 | M70: Quantity above maximum | N70: Yes | O70: quantity | P70: fail | Q70: =IF(P70="pass","No","Yes") -> Yes | R70: validation_failed | S70: quantity, stock | T70: PVC pipe, 2 inch, 6 m: quantity must be between 2 and 500. | PVC pipe, 2 inch, 6 m: only 9 left. Reduce the quantity. | U70: 5.49 | V70: 2026-10-27T10:36:09.059419+00:00 | W70: 2026-10-27T10:36:09.065051+00:00 | X70: 2026-10-27T10:36:09.065583+00:00 | Y70: validation_failed | Z70: 0 | AA70: 0 | AB70: 1 | AC70: 1 | AD70: 0 | AE70: 0 | AF70: 0 | AG70: 0 | AH70: 0 | AI70: Yes
A71: 70 | B71: ORD-3851 | C71: 2 | D71: Bodija Interiors | E71: Ibadan | F71: 2 | G71: 81 | H71: PVC-2 x 2 @ 4,100; TIL-6060 x 79 @ 14,500 | I71: 1153700 | J71: 9000 | K71: 87202.5 | L71: 1249902.5 | M71: Wrong saved address | N71: No | P71: pass | Q71: =IF(P71="pass","No","Yes") -> No | R71: pending_approval | U71: 5.598 | V71: 2026-10-27T10:36:09.067969+00:00 | W71: 2026-10-27T10:36:09.073244+00:00 | X71: 2026-10-27T10:36:09.073734+00:00 | Y71: pending_approval | Z71: 0 | AA71: 0 | AB71: 0 | AC71: 0 | AD71: 0 | AE71: 0 | AF71: 0 | AG71: 0 | AH71: 0 | AI71: Yes
A72: 71 | B72: ORD-3852 | C72: 2 | D72: Magodo Residential Ltd | E72: Ikeja | F72: 2 | G72: 182 | H72: CEM-50 x 126 @ 9,500; ROOF-AL x 56 @ 12,500 | I72: 1897000 | J72: 4500 | K72: 142612.5 | L72: 2044112.5 | M72: Clean order (no error) | N72: No | P72: warn | Q72: =IF(P72="pass","No","Yes") -> Yes | R72: pending_approval | S72: unusual_quantity | T72: Cement, 50 kg bag: 126 is far above this customer's usual 23. | U72: 10.546 | V72: 2026-10-27T10:36:09.07673+00:00 | W72: 2026-10-27T10:36:09.08691+00:00 | X72: 2026-10-27T10:36:09.087444+00:00 | Y72: pending_approval | Z72: 0 | AA72: 0 | AB72: 0 | AC72: 0 | AD72: 0 | AE72: 0 | AF72: 0 | AG72: 0 | AH72: 1 | AI72: Yes
A73: 72 | B73: ORD-3853 | C73: 2 | D73: Yaba Tech Hub Builders | E73: Lagos Mainland | F73: 1 | G73: 11 | H73: PNT-20W x 11 @ 38,000 | I73: 418000 | J73: 4000 | K73: 31650 | L73: 453650 | M73: Clean order (no error) | N73: No | P73: pass | Q73: =IF(P73="pass","No","Yes") -> No | R73: pending_approval | U73: 5.291 | V73: 2026-10-27T10:36:09.090533+00:00 | W73: 2026-10-27T10:36:09.095316+00:00 | X73: 2026-10-27T10:36:09.095814+00:00 | Y73: pending_approval | Z73: 0 | AA73: 0 | AB73: 0 | AC73: 0 | AD73: 0 | AE73: 0 | AF73: 0 | AG73: 0 | AH73: 0 | AI73: Yes
A74: 73 | B74: ORD-3854 | C74: 2 | D74: Ajah Sunrise Housing Co-op | E74: Lekki-Ajah | F74: 3 | G74: 133 | H74: PNT-20C x 3 @ 38,000; ROD-12 x 116 @ 7,200; WIRE-25 x 14 @ 52,000 | I74: 1677200 | J74: 6000 | K74: 126240 | L74: 1809440 | M74: Clean order (no error) | N74: No | P74: warn | Q74: =IF(P74="pass","No","Yes") -> Yes | R74: pending_approval | S74: unusual_quantity | T74: Iron rod, 12 mm: 116 is far above this customer's usual 13. | U74: 11.742 | V74: 2026-10-27T10:36:09.098828+00:00 | W74: 2026-10-27T10:36:09.110313+00:00 | X74: 2026-10-27T10:36:09.110842+00:00 | Y74: pending_approval | Z74: 0 | AA74: 0 | AB74: 0 | AC74: 0 | AD74: 0 | AE74: 0 | AF74: 0 | AG74: 0 | AH74: 1 | AI74: Yes
A75: 74 | B75: ORD-3855 | C75: 2 | D75: Adeyemi & Sons Construction Ltd | E75: Ikeja | F75: 3 | G75: 58 | H75: ROD-16 x 46 @ 11,800; WIRE-25 x 12 @ 52,000; XX-364 x None (not in the catalogue) | I75: 1166800 | J75: 4500 | K75: 87847.5 | L75: 1259147.5 | M75: SKU not in catalogue | N75: Yes | O75: sku | P75: fail | Q75: =IF(P75="pass","No","Yes") -> Yes | R75: validation_failed | S75: sku | T75: Row 4: XX-364 - not in the catalogue | U75: 4.878 | V75: 2026-10-27T10:36:09.113954+00:00 | W75: 2026-10-27T10:36:09.119042+00:00 | X75: 2026-10-27T10:36:09.119536+00:00 | Y75: validation_failed | Z75: 0 | AA75: 1 | AB75: 0 | AC75: 0 | AD75: 0 | AE75: 0 | AF75: 0 | AG75: 0 | AH75: 0 | AI75: Yes
A76: 75 | B76: ORD-3856 | C76: 2 | D76: Agege Steel Works | E76: Ikeja | F76: 1 | G76: 64 | H76: ROD-16 x 64 @ 11,800 | I76: 755200 | J76: 4500 | K76: 56977.5 | L76: 816677.5 | M76: Customer account not active | N76: Yes | O76: customer_status | P76: fail | Q76: =IF(P76="pass","No","Yes") -> Yes | R76: validation_failed | S76: customer_status | T76: The customer account is not active. | U76: 3.775 | V76: 2026-10-27T10:36:09.122011+00:00 | W76: 2026-10-27T10:36:09.125892+00:00 | X76: 2026-10-27T10:36:09.126423+00:00 | Y76: validation_failed | Z76: 0 | AA76: 0 | AB76: 0 | AC76: 0 | AD76: 1 | AE76: 0 | AF76: 0 | AG76: 0 | AH76: 0 | AI76: Yes
A77: 76 | B77: ORD-3857 | C77: 2 | D77: Oyo Central Builders | E77: Ibadan | F77: 2 | G77: 3 | H77: PVC-2 x 2 @ 4,100; SAND-T x 1 @ 185,000 | I77: 193200 | J77: 9000 | K77: 15165 | L77: 217365 | M77: Discontinued product | N77: Yes | O77: sku | P77: fail | Q77: =IF(P77="pass","No","Yes") -> Yes | R77: validation_failed | S77: sku, stock | T77: SAND-T is no longer sold. Remove it. | Sharp sand, 20 tonne trip is out of stock. | U77: 4.813 | V77: 2026-10-27T10:36:09.128941+00:00 | W77: 2026-10-27T10:36:09.133958+00:00 | X77: 2026-10-27T10:36:09.134447+00:00 | Y77: validation_failed | Z77: 0 | AA77: 1 | AB77: 0 | AC77: 1 | AD77: 0 | AE77: 0 | AF77: 0 | AG77: 0 | AH77: 0 | AI77: Yes
A78: 77 | B78: ORD-3858 | C78: 2 | D78: Ajah Sunrise Housing Co-op | E78: Lekki-Ajah | F78: 3 | G78: 133 | H78: PNT-20C x 3 @ 38,000; ROD-12 x 116 @ 7,200; WIRE-25 x 14 @ 52,000 | I78: 1677200 | J78: 6000 | K78: 126240 | L78: 1809440 | M78: Duplicate order | N78: Yes | O78: duplicate | P78: warn | Q78: =IF(P78="pass","No","Yes") -> Yes | R78: draft | S78: duplicate, unusual_quantity | T78: Iron rod, 12 mm: 116 is far above this customer's usual 33. | This looks like a repeat of ORD-3854. Confirm it is a new order. | U78: 12.193 | V78: 2026-10-27T10:36:09.136916+00:00 | X78: 2026-10-27T10:36:09.136916+00:00 | Y78: draft | Z78: 0 | AA78: 0 | AB78: 0 | AC78: 0 | AD78: 0 | AE78: 0 | AF78: 0 | AG78: 1 | AH78: 1 | AI78: Yes
A79: 78 | B79: ORD-3859 | C79: 2 | D79: Adeyemi & Sons Construction Ltd | E79: Ikeja | F79: 2 | G79: 45 | H79: CEM-50 x 43 @ 9,500; PVC-2 x 2 @ 4,100 | I79: 416700 | J79: 4500 | K79: 31590 | L79: 452790 | M79: Clean order (no error) | N79: No | P79: pass | Q79: =IF(P79="pass","No","Yes") -> No | R79: pending_approval | U79: 11.563 | V79: 2026-10-27T10:36:09.152592+00:00 | W79: 2026-10-27T10:36:09.163779+00:00 | X79: 2026-10-27T10:36:09.164336+00:00 | Y79: pending_approval | Z79: 0 | AA79: 0 | AB79: 0 | AC79: 0 | AD79: 0 | AE79: 0 | AF79: 0 | AG79: 0 | AH79: 0 | AI79: Yes
A80: 79 | B80: ORD-3860 | C80: 2 | D80: Surulere Paint & Finish | E80: Lagos Mainland | F80: 1 | G80: 9 | H80: WIRE-25 x 9 @ 52,000 | I80: 468000 | J80: 4000 | K80: 35400 | L80: 507400 | M80: Clean order (no error) | N80: No | P80: pass | Q80: =IF(P80="pass","No","Yes") -> No | R80: pending_approval | U80: 4.614 | V80: 2026-10-27T10:36:09.167522+00:00 | W80: 2026-10-27T10:36:09.17166+00:00 | X80: 2026-10-27T10:36:09.172151+00:00 | Y80: pending_approval | Z80: 0 | AA80: 0 | AB80: 0 | AC80: 0 | AD80: 0 | AE80: 0 | AF80: 0 | AG80: 0 | AH80: 0 | AI80: Yes
A81: 80 | B81: ORD-3861 | C81: 2 | D81: Marina Point Facilities | E81: Lagos Island | F81: 1 | G81: 100 | H81: ROD-12 x 100 @ 7,200 | I81: 720000 | J81: 5000 | K81: 54375 | L81: 779375 | M81: Customer account not active | N81: Yes | O81: customer_status | P81: fail | Q81: =IF(P81="pass","No","Yes") -> Yes | R81: validation_failed | S81: customer_status, unusual_quantity | T81: The customer account is not active. | Iron rod, 12 mm: 100 is far above this customer's usual 13. | U81: 9.481 | V81: 2026-10-27T10:36:09.17526+00:00 | W81: 2026-10-27T10:36:09.184859+00:00 | X81: 2026-10-27T10:36:09.185384+00:00 | Y81: validation_failed | Z81: 0 | AA81: 0 | AB81: 0 | AC81: 0 | AD81: 1 | AE81: 0 | AF81: 0 | AG81: 0 | AH81: 1 | AI81: Yes
A82: 81 | B82: ORD-3862 | C82: 2 | D82: Eko Bridge Contractors | E82: (none) | F82: 1 | G82: 36 | H82: ROOF-AL x 36 @ 12,500 | I82: 450000 | J82: 0 | K82: 33750 | L82: 483750 | M82: Missing delivery address | N82: Yes | O82: mandatory | P82: fail | Q82: =IF(P82="pass","No","Yes") -> Yes | R82: validation_failed | S82: mandatory | T82: Choose a delivery address. | U82: 3.858 | V82: 2026-10-27T10:36:09.188049+00:00 | W82: 2026-10-27T10:36:09.191983+00:00 | X82: 2026-10-27T10:36:09.192469+00:00 | Y82: validation_failed | Z82: 1 | AA82: 0 | AB82: 0 | AC82: 0 | AD82: 0 | AE82: 0 | AF82: 0 | AG82: 0 | AH82: 0 | AI82: Yes
A83: 82 | B83: ORD-3863 | C83: 2 | D83: Surulere Paint & Finish | E83: Lagos Mainland | F83: 4 | G83: 73 | H83: NAIL-3 x 13 @ 31,000; PNT-20C x 10 @ 38,000; ROOF-AL x 50 @ 12,500; ROD-12 x 5.5 (Quantity must be a whole number) | I83: 1408000 | J83: 4000 | K83: 105900 | L83: 1517900 | M83: Fractional quantity | N83: Yes | O83: quantity | P83: fail | Q83: =IF(P83="pass","No","Yes") -> Yes | R83: validation_failed | S83: quantity | T83: ROD-12 - Quantity must be a whole number | U83: 8.82 | V83: 2026-10-27T10:36:09.195112+00:00 | W83: 2026-10-27T10:36:09.201862+00:00 | X83: 2026-10-27T10:36:09.203644+00:00 | Y83: validation_failed | Z83: 0 | AA83: 0 | AB83: 1 | AC83: 0 | AD83: 0 | AE83: 0 | AF83: 0 | AG83: 0 | AH83: 0 | AI83: Yes
A84: 83 | B84: ORD-3864 | C84: 2 | D84: Eko Bridge Contractors | E84: Lagos Island | F84: 3 | G84: 115 | H84: PNT-20W x 4 @ 38,000; ROD-12 x 64 @ 7,200; ROOF-AL x 47 @ 12,500 | I84: 1200300 | J84: 5000 | K84: 90397.5 | L84: 1295697.5 | M84: Wrong saved address | N84: No | P84: warn | Q84: =IF(P84="pass","No","Yes") -> Yes | R84: pending_approval | S84: unusual_quantity | T84: Iron rod, 12 mm: 64 is far above this customer's usual 13. | U84: 14.214 | V84: 2026-10-27T10:36:09.207653+00:00 | W84: 2026-10-27T10:36:09.220247+00:00 | X84: 2026-10-27T10:36:09.220788+00:00 | Y84: pending_approval | Z84: 0 | AA84: 0 | AB84: 0 | AC84: 0 | AD84: 0 | AE84: 0 | AF84: 0 | AG84: 0 | AH84: 1 | AI84: Yes
A85: 84 | B85: ORD-3865 | C85: 2 | D85: Apapa Port Works Supplies | E85: Lagos Mainland | F85: 3 | G85: 125 | H85: NAIL-3 x 7 @ 31,000; PVC-4 x 28 @ 8,600; TIL-6060 x 90 @ 14,500 | I85: 1762800 | J85: 4000 | K85: 132510 | L85: 1899310 | M85: Clean order (no error) | N85: No | P85: pass | Q85: =IF(P85="pass","No","Yes") -> No | R85: pending_approval | U85: 6.756 | V85: 2026-10-27T10:36:09.225533+00:00 | W85: 2026-10-27T10:36:09.232033+00:00 | X85: 2026-10-27T10:36:09.232569+00:00 | Y85: pending_approval | Z85: 0 | AA85: 0 | AB85: 0 | AC85: 0 | AD85: 0 | AE85: 0 | AF85: 0 | AG85: 0 | AH85: 0 | AI85: Yes
A86: 85 | B86: ORD-3866 | C86: 2 | D86: Kanu Brothers Building Supplies | E86: Lagos Mainland | F86: 3 | G86: 338 | H86: CEM-50 x 250 @ 9,500; PNT-20W x 21 @ 38,000; ROD-16 x 67 @ 11,800 | I86: 3963600 | J86: 4000 | K86: 297570 | L86: 4265170 | M86: Plausible quantity typing slip | N86: No | P86: warn | Q86: =IF(P86="pass","No","Yes") -> Yes | R86: pending_approval | S86: unusual_quantity | T86: Cement, 50 kg bag: 250 is far above this customer's usual 32. | U86: 14.285 | V86: 2026-10-27T10:36:09.235895+00:00 | W86: 2026-10-27T10:36:09.24867+00:00 | X86: 2026-10-27T10:36:09.24925+00:00 | Y86: pending_approval | Z86: 0 | AA86: 0 | AB86: 0 | AC86: 0 | AD86: 0 | AE86: 0 | AF86: 0 | AG86: 0 | AH86: 1 | AI86: Yes
A87: 86 | B87: ORD-3867 | C87: 2 | D87: Ajah Sunrise Housing Co-op | E87: Lekki-Ajah | F87: 3 | G87: 1018 | H87: NAIL-3 x 9 @ 31,000; PVC-2 x 2 @ 4,100; ROD-16 x 1007 @ 11,800 | I87: 12169800 | J87: 6000 | K87: 913185 | L87: 13088985 | M87: Quantity above maximum | N87: Yes | O87: quantity | P87: fail | Q87: =IF(P87="pass","No","Yes") -> Yes | R87: validation_failed | S87: quantity, stock | T87: Iron rod, 16 mm: quantity must be between 5 and 1000. | Iron rod, 16 mm: not enough stock for this quantity. Reduce it. | U87: 7.259 | V87: 2026-10-27T10:36:09.25398+00:00 | W87: 2026-10-27T10:36:09.261605+00:00 | X87: 2026-10-27T10:36:09.262096+00:00 | Y87: validation_failed | Z87: 0 | AA87: 0 | AB87: 1 | AC87: 1 | AD87: 0 | AE87: 0 | AF87: 0 | AG87: 0 | AH87: 0 | AI87: Yes
A88: 87 | B88: ORD-3868 | C88: 2 | D88: Ibadan Prime Homes Ltd | E88: Ibadan | F88: 3 | G88: 8 | H88: PNT-20C x 4 @ 38,000; PVC-2 x 2 @ 4,100; WIRE-25 x 2 @ 52,000 | I88: 264200 | J88: 9000 | K88: 20490 | L88: 293690 | M88: Clean order (no error) | N88: No | P88: pass | Q88: =IF(P88="pass","No","Yes") -> No | R88: pending_approval | U88: 7.939 | V88: 2026-10-27T10:36:09.264889+00:00 | W88: 2026-10-27T10:36:09.272674+00:00 | X88: 2026-10-27T10:36:09.273186+00:00 | Y88: pending_approval | Z88: 0 | AA88: 0 | AB88: 0 | AC88: 0 | AD88: 0 | AE88: 0 | AF88: 0 | AG88: 0 | AH88: 0 | AI88: Yes
A89: 88 | B89: ORD-3869 | C89: 2 | D89: Oyo Central Builders | E89: Ibadan | F89: 2 | G89: 10 | H89: NAIL-3 x 8 @ 31,000; PVC-2 x 2 @ 4,100 | I89: 256200 | J89: 9000 | K89: 19890 | L89: 285090 | M89: Clean order (no error) | N89: No | P89: pass | Q89: =IF(P89="pass","No","Yes") -> No | R89: pending_approval | U89: 6.597 | V89: 2026-10-27T10:36:09.276536+00:00 | W89: 2026-10-27T10:36:09.284041+00:00 | X89: 2026-10-27T10:36:09.28457+00:00 | Y89: pending_approval | Z89: 0 | AA89: 0 | AB89: 0 | AC89: 0 | AD89: 0 | AE89: 0 | AF89: 0 | AG89: 0 | AH89: 0 | AI89: Yes
A90: 89 | B90: ORD-3870 | C90: 2 | D90: Apapa Port Works Supplies | E90: Lagos Mainland | F90: 2 | G90: 123 | H90: CEM-50 x 121 @ 9,500; PVC-2 x 2 @ 4,100 | I90: 1157700 | J90: 4000 | K90: 87127.5 | L90: 1248827.5 | M90: Clean order (no error) | N90: No | P90: pass | Q90: =IF(P90="pass","No","Yes") -> No | R90: pending_approval | U90: 13.426 | V90: 2026-10-27T10:36:09.28784+00:00 | W90: 2026-10-27T10:36:09.300859+00:00 | X90: 2026-10-27T10:36:09.301423+00:00 | Y90: pending_approval | Z90: 0 | AA90: 0 | AB90: 0 | AC90: 0 | AD90: 0 | AE90: 0 | AF90: 0 | AG90: 0 | AH90: 0 | AI90: Yes
A91: 90 | B91: ORD-3871 | C91: 2 | D91: Victoria Island Fit-Out Ltd | E91: Lagos Island | F91: 2 | G91: 55 | H91: PNT-20C x 4 @ 38,000; ROD-12 x 51 @ 7,200 | I91: 519200 | J91: 5000 | K91: 39315 | L91: 563515 | M91: Customer account not active | N91: Yes | O91: customer_status | P91: fail | Q91: =IF(P91="pass","No","Yes") -> Yes | R91: validation_failed | S91: customer_status | T91: The customer account is not active. | U91: 11.471 | V91: 2026-10-27T10:36:09.304876+00:00 | W91: 2026-10-27T10:36:09.316664+00:00 | X91: 2026-10-27T10:36:09.317183+00:00 | Y91: validation_failed | Z91: 0 | AA91: 0 | AB91: 0 | AC91: 0 | AD91: 1 | AE91: 0 | AF91: 0 | AG91: 0 | AH91: 0 | AI91: Yes
A92: 91 | B92: ORD-3872 | C92: 2 | D92: Adeyemi & Sons Construction Ltd | E92: Ikeja | F92: 4 | G92: 601 | H92: PNT-20C x 4 @ 38,000; PVC-2 x 540 @ 4,100; PVC-4 x 42 @ 8,600; WIRE-25 x 15 @ 52,000 | I92: 3507200 | J92: 4500 | K92: 263377.5 | L92: 3775077.5 | M92: Quantity above maximum | N92: Yes | O92: quantity | P92: fail | Q92: =IF(P92="pass","No","Yes") -> Yes | R92: validation_failed | S92: quantity, stock | T92: PVC pipe, 2 inch, 6 m: quantity must be between 2 and 500. | PVC pipe, 2 inch, 6 m: only 9 left. Reduce the quantity. | U92: 9.83 | V92: 2026-10-27T10:36:09.320319+00:00 | W92: 2026-10-27T10:36:09.330583+00:00 | X92: 2026-10-27T10:36:09.331122+00:00 | Y92: validation_failed | Z92: 0 | AA92: 0 | AB92: 1 | AC92: 1 | AD92: 0 | AE92: 0 | AF92: 0 | AG92: 0 | AH92: 0 | AI92: Yes
A93: 92 | B93: ORD-3873 | C93: 2 | D93: Eko Bridge Contractors | E93: Lagos Island | F93: 1 | G93: 9 | H93: PNT-20C x 9 @ 38,000 | I93: 342000 | J93: 5000 | K93: 26025 | L93: 373025 | M93: Price changed after the order was saved | N93: Yes | O93: pricing | P93: fail | Q93: =IF(P93="pass","No","Yes") -> Yes | R93: validation_failed | S93: pricing | T93: Emulsion paint, cream, 20 L: price changed from 38000.00 to 39900.00. Save the order again to update it. | U93: 4.415 | V93: 2026-10-27T10:36:09.33422+00:00 | W93: 2026-10-27T10:36:09.338963+00:00 | X93: 2026-10-27T10:36:09.339469+00:00 | Y93: validation_failed | Z93: 0 | AA93: 0 | AB93: 0 | AC93: 0 | AD93: 0 | AE93: 1 | AF93: 0 | AG93: 0 | AH93: 0 | AI93: Yes
A94: 93 | B94: ORD-3874 | C94: 2 | D94: Surulere Paint & Finish | E94: Lagos Mainland | F94: 2 | G94: 11 | H94: PVC-2 x 2 @ 4,100; WIRE-25 x 9 @ 52,000 | I94: 476200 | J94: 4000 | K94: 36015 | L94: 516215 | M94: Clean order (no error) | N94: No | P94: pass | Q94: =IF(P94="pass","No","Yes") -> No | R94: pending_approval | U94: 7.434 | V94: 2026-10-27T10:36:09.342518+00:00 | W94: 2026-10-27T10:36:09.349622+00:00 | X94: 2026-10-27T10:36:09.350165+00:00 | Y94: pending_approval | Z94: 0 | AA94: 0 | AB94: 0 | AC94: 0 | AD94: 0 | AE94: 0 | AF94: 0 | AG94: 0 | AH94: 0 | AI94: Yes
A95: 94 | B95: ORD-3875 | C95: 2 | D95: Northgate Realty Abuja | E95: Abuja | F95: 1 | G95: 70 | H95: ROD-16 x 70 @ 11,800 | I95: 826000 | J95: 15000 | K95: 63075 | L95: 904075 | M95: Missing delivery date | N95: Yes | O95: mandatory | P95: fail | Q95: =IF(P95="pass","No","Yes") -> Yes | R95: validation_failed | S95: mandatory | T95: Choose a delivery date. | U95: 4.148 | V95: 2026-10-27T10:36:09.353716+00:00 | W95: 2026-10-27T10:36:09.357949+00:00 | X95: 2026-10-27T10:36:09.358474+00:00 | Y95: validation_failed | Z95: 1 | AA95: 0 | AB95: 0 | AC95: 0 | AD95: 0 | AE95: 0 | AF95: 0 | AG95: 0 | AH95: 0 | AI95: No
A96: 95 | B96: ORD-3876 | C96: 2 | D96: Northgate Realty Abuja | E96: (none) | F96: 2 | G96: 179 | H96: PVC-4 x 54 @ 8,600; ROD-12 x 125 @ 7,200 | I96: 1364400 | J96: 0 | K96: 102330 | L96: 1466730 | M96: Missing delivery address | N96: Yes | O96: mandatory | P96: fail | Q96: =IF(P96="pass","No","Yes") -> Yes | R96: validation_failed | S96: mandatory, unusual_quantity | T96: Choose a delivery address. | Iron rod, 12 mm: 125 is far above this customer's usual 13. | U96: 11.765 | V96: 2026-10-27T10:36:09.361371+00:00 | W96: 2026-10-27T10:36:09.37332+00:00 | X96: 2026-10-27T10:36:09.373827+00:00 | Y96: validation_failed | Z96: 1 | AA96: 0 | AB96: 0 | AC96: 0 | AD96: 0 | AE96: 0 | AF96: 0 | AG96: 0 | AH96: 1 | AI96: Yes
A97: 96 | B97: ORD-3877 | C97: 2 | D97: Ajah Sunrise Housing Co-op | E97: Lekki-Ajah | F97: 2 | G97: 80 | H97: ROD-12 x 67 @ 7,200; WIRE-25 x 13 @ 52,000 | I97: 1158400 | J97: 6000 | K97: 87330 | L97: 1251730 | M97: Clean order (no error) | N97: No | P97: pass | Q97: =IF(P97="pass","No","Yes") -> No | R97: pending_approval | U97: 13.055 | V97: 2026-10-27T10:36:09.376983+00:00 | W97: 2026-10-27T10:36:09.389621+00:00 | X97: 2026-10-27T10:36:09.390215+00:00 | Y97: pending_approval | Z97: 0 | AA97: 0 | AB97: 0 | AC97: 0 | AD97: 0 | AE97: 0 | AF97: 0 | AG97: 0 | AH97: 0 | AI97: Yes
A98: 97 | B98: ORD-3878 | C98: 2 | D98: Yaba Tech Hub Builders | E98: Lagos Mainland | F98: 3 | G98: 100 | H98: PNT-20W x 29 @ 38,000; ROD-12 x 19 @ 7,200; ROD-16 x 52 @ 11,800 | I98: 1852400 | J98: 4000 | K98: 139230 | L98: 1995630 | M98: Clean order (no error) | N98: No | P98: pass | Q98: =IF(P98="pass","No","Yes") -> No | R98: pending_approval | U98: 14.294 | V98: 2026-10-27T10:36:09.39437+00:00 | W98: 2026-10-27T10:36:09.40847+00:00 | X98: 2026-10-27T10:36:09.409044+00:00 | Y98: pending_approval | Z98: 0 | AA98: 0 | AB98: 0 | AC98: 0 | AD98: 0 | AE98: 0 | AF98: 0 | AG98: 0 | AH98: 0 | AI98: Yes
A99: 98 | B99: ORD-3879 | C99: 2 | D99: Eko Bridge Contractors | E99: Lagos Island | F99: 3 | G99: 244 | H99: CEM-50 x 186 @ 9,500; NAIL-3 x 7 @ 31,000; PVC-4 x 51 @ 8,600 | I99: 2422600 | J99: 5000 | K99: 182070 | L99: 2609670 | M99: Clean order (no error) | N99: No | P99: warn | Q99: =IF(P99="pass","No","Yes") -> Yes | R99: pending_approval | S99: unusual_quantity | T99: Cement, 50 kg bag: 186 is far above this customer's usual 23. | U99: 14.929 | V99: 2026-10-27T10:36:09.412736+00:00 | W99: 2026-10-27T10:36:09.42738+00:00 | X99: 2026-10-27T10:36:09.427963+00:00 | Y99: pending_approval | Z99: 0 | AA99: 0 | AB99: 0 | AC99: 0 | AD99: 0 | AE99: 0 | AF99: 0 | AG99: 0 | AH99: 1 | AI99: Yes
A100: 99 | B100: ORD-3880 | C100: 2 | D100: Kanu Brothers Building Supplies | E100: Lagos Mainland | F100: 3 | G100: 146 | H100: PNT-20C x 1 @ 38,000; ROD-12 x 97 @ 7,200; TIL-6060 x 48 @ 14,500 | I100: 1432400 | J100: 4000 | K100: 107730 | L100: 1544130 | M100: Clean order (no error) | N100: No | P100: warn | Q100: =IF(P100="pass","No","Yes") -> Yes | R100: pending_approval | S100: unusual_quantity | T100: Iron rod, 12 mm: 97 is far above this customer's usual 13. | U100: 14.492 | V100: 2026-10-27T10:36:09.431776+00:00 | W100: 2026-10-27T10:36:09.445991+00:00 | X100: 2026-10-27T10:36:09.446569+00:00 | Y100: pending_approval | Z100: 0 | AA100: 0 | AB100: 0 | AC100: 0 | AD100: 0 | AE100: 0 | AF100: 0 | AG100: 0 | AH100: 1 | AI100: Yes
...

Sheet R1 Summary
A1: Replicate 1 (database run 5, seed 0.42). Every figure below is a formula over the R1 Orders sheet.
A3: A. Outcome of each group
A4: Group | B4: Orders | C4: Passed | D4: Warned | E4: Blocked
A5: Clean orders | B5: =COUNTIFS('R1 Orders'!$M$2:$M$501,"Clean order (no error)") -> 200 | C5: =COUNTIFS('R1 Orders'!$M$2:$M$501,"Clean order (no error)",'R1 Orders'!$P$2:$P$501,"pass") -> 172 | D5: =COUNTIFS('R1 Orders'!$M$2:$M$501,"Clean order (no error)",'R1 Orders'!$P$2:$P$501,"warn") -> 28 | E5: =COUNTIFS('R1 Orders'!$M$2:$M$501,"Clean order (no error)",'R1 Orders'!$P$2:$P$501,"fail") -> 0
A6: Errors with a rule | B6: =COUNTIFS('R1 Orders'!$M$2:$M$501,"<>Clean order (no error)",'R1 Orders'!$N$2:$N$501,"Yes") -> 240 | C6: =COUNTIFS('R1 Orders'!$M$2:$M$501,"<>Clean order (no error)",'R1 Orders'!$N$2:$N$501,"Yes",'R1 Orders'!$P$2:$P$501,"pass") -> 0 | D6: =COUNTIFS('R1 Orders'!$M$2:$M$501,"<>Clean order (no error)",'R1 Orders'!$N$2:$N$501,"Yes",'R1 Orders'!$P$2:$P$501,"warn") -> 20 | E6: =COUNTIFS('R1 Orders'!$M$2:$M$501,"<>Clean order (no error)",'R1 Orders'!$N$2:$N$501,"Yes",'R1 Orders'!$P$2:$P$501,"fail") -> 220
A7: Errors without a rule | B7: =COUNTIFS('R1 Orders'!$M$2:$M$501,"<>Clean order (no error)",'R1 Orders'!$N$2:$N$501,"No") -> 60 | C7: =COUNTIFS('R1 Orders'!$M$2:$M$501,"<>Clean order (no error)",'R1 Orders'!$N$2:$N$501,"No",'R1 Orders'!$P$2:$P$501,"pass") -> 36 | D7: =COUNTIFS('R1 Orders'!$M$2:$M$501,"<>Clean order (no error)",'R1 Orders'!$N$2:$N$501,"No",'R1 Orders'!$P$2:$P$501,"warn") -> 24 | E7: =COUNTIFS('R1 Orders'!$M$2:$M$501,"<>Clean order (no error)",'R1 Orders'!$N$2:$N$501,"No",'R1 Orders'!$P$2:$P$501,"fail") -> 0
A8: Total | B8: =SUM(B5:B7) -> 500 | C8: =SUM(C5:C7) -> 208 | D8: =SUM(D5:D7) -> 72 | E8: =SUM(E5:E7) -> 220
A10: B. Primary measure: all 300 erroneous orders against the 200 clean orders
B11: Flagged | C11: Passed | D11: Total
A12: Order has an error | B12: =COUNTIFS('R1 Orders'!$M$2:$M$501,"<>Clean order (no error)",'R1 Orders'!$Q$2:$Q$501,"Yes") -> 264 | C12: =COUNTIFS('R1 Orders'!$M$2:$M$501,"<>Clean order (no error)",'R1 Orders'!$Q$2:$Q$501,"No") -> 36 | D12: =B12+C12 -> 300
A13: Clean order | B13: =COUNTIFS('R1 Orders'!$M$2:$M$501,"Clean order (no error)",'R1 Orders'!$Q$2:$Q$501,"Yes") -> 28 | C13: =COUNTIFS('R1 Orders'!$M$2:$M$501,"Clean order (no error)",'R1 Orders'!$Q$2:$Q$501,"No") -> 172 | D13: =B13+C13 -> 200
A15: Measure | B15: Value | C15: 95% CI low | D15: 95% CI high | E15: Definition
A16: Accuracy | B16: =(B12+C13)/(B12+C12+B13+C13) -> 0.872 | C16: =IF((B12+C12+B13+C13)=0,"",(((B12+C13)/(B12+C12+B13+C13))+1.959964^2/(2*(B12+C12+B13+C13))-1.959964*SQRT(((B12+C13)/(B12+C12+B13+C13))*(1-((B12+C13)/(B12+C12+B13+C13)))/(B12+C12+B13+C13)+1.959964^2/(4*(B12+C12+B13+C13)^2)))/(1+1.959964^2/(B12+C12+B13+C13))) -> 0.83985431 | D16: =IF((B12+C12+B13+C13)=0,"",(((B12+C13)/(B12+C12+B13+C13))+1.959964^2/(2*(B12+C12+B13+C13))+1.959964*SQRT(((B12+C13)/(B12+C12+B13+C13))*(1-((B12+C13)/(B12+C12+B13+C13)))/(B12+C12+B13+C13)+1.959964^2/(4*(B12+C12+B13+C13)^2)))/(1+1.959964^2/(B12+C12+B13+C13))) -> 0.89847318 | E16: (TP+TN) / all orders
A17: Precision | B17: =B12/(B12+B13) -> 0.90410959 | C17: =IF((B12+B13)=0,"",((B12/(B12+B13))+1.959964^2/(2*(B12+B13))-1.959964*SQRT((B12/(B12+B13))*(1-(B12/(B12+B13)))/(B12+B13)+1.959964^2/(4*(B12+B13)^2)))/(1+1.959964^2/(B12+B13))) -> 0.86490257 | D17: =IF((B12+B13)=0,"",((B12/(B12+B13))+1.959964^2/(2*(B12+B13))+1.959964*SQRT((B12/(B12+B13))*(1-(B12/(B12+B13)))/(B12+B13)+1.959964^2/(4*(B12+B13)^2)))/(1+1.959964^2/(B12+B13))) -> 0.932822 | E17: TP / (TP+FP)
A18: Recall (detection rate) | B18: =B12/(B12+C12) -> 0.88 | C18: =IF((B12+C12)=0,"",((B12/(B12+C12))+1.959964^2/(2*(B12+C12))-1.959964*SQRT((B12/(B12+C12))*(1-(B12/(B12+C12)))/(B12+C12)+1.959964^2/(4*(B12+C12)^2)))/(1+1.959964^2/(B12+C12))) -> 0.83834219 | D18: =IF((B12+C12)=0,"",((B12/(B12+C12))+1.959964^2/(2*(B12+C12))+1.959964*SQRT((B12/(B12+C12))*(1-(B12/(B12+C12)))/(B12+C12)+1.959964^2/(4*(B12+C12)^2)))/(1+1.959964^2/(B12+C12))) -> 0.91204916 | E18: TP / (TP+FN)
A19: Specificity | B19: =C13/(C13+B13) -> 0.86 | C19: =IF((C13+B13)=0,"",((C13/(C13+B13))+1.959964^2/(2*(C13+B13))-1.959964*SQRT((C13/(C13+B13))*(1-(C13/(C13+B13)))/(C13+B13)+1.959964^2/(4*(C13+B13)^2)))/(1+1.959964^2/(C13+B13))) -> 0.80510119 | D19: =IF((C13+B13)=0,"",((C13/(C13+B13))+1.959964^2/(2*(C13+B13))+1.959964*SQRT((C13/(C13+B13))*(1-(C13/(C13+B13)))/(C13+B13)+1.959964^2/(4*(C13+B13)^2)))/(1+1.959964^2/(C13+B13))) -> 0.90133017 | E19: TN / (TN+FP)
A20: False-alarm rate | B20: =B13/(B13+C13) -> 0.14 | C20: =IF((B13+C13)=0,"",((B13/(B13+C13))+1.959964^2/(2*(B13+C13))-1.959964*SQRT((B13/(B13+C13))*(1-(B13/(B13+C13)))/(B13+C13)+1.959964^2/(4*(B13+C13)^2)))/(1+1.959964^2/(B13+C13))) -> 0.098669826 | D20: =IF((B13+C13)=0,"",((B13/(B13+C13))+1.959964^2/(2*(B13+C13))+1.959964*SQRT((B13/(B13+C13))*(1-(B13/(B13+C13)))/(B13+C13)+1.959964^2/(4*(B13+C13)^2)))/(1+1.959964^2/(B13+C13))) -> 0.19489881 | E20: FP / (FP+TN)
A21: F1 score | B21: =2*B17*B18/(B17+B18) -> 0.89189189 | E21: Harmonic mean of precision and recall. No Wilson interval, F1 is not a single proportion.
A23: C. Secondary measure: the 240 rule-targeted erroneous orders against the 200 clean orders
B24: Flagged | C24: Passed | D24: Total
A25: Order has an error | B25: =COUNTIFS('R1 Orders'!$M$2:$M$501,"<>Clean order (no error)",'R1 Orders'!$N$2:$N$501,"Yes",'R1 Orders'!$Q$2:$Q$501,"Yes") -> 240 | C25: =COUNTIFS('R1 Orders'!$M$2:$M$501,"<>Clean order (no error)",'R1 Orders'!$N$2:$N$501,"Yes",'R1 Orders'!$Q$2:$Q$501,"No") -> 0 | D25: =B25+C25 -> 240
A26: Clean order | B26: =COUNTIFS('R1 Orders'!$M$2:$M$501,"Clean order (no error)",'R1 Orders'!$Q$2:$Q$501,"Yes") -> 28 | C26: =COUNTIFS('R1 Orders'!$M$2:$M$501,"Clean order (no error)",'R1 Orders'!$Q$2:$Q$501,"No") -> 172 | D26: =B26+C26 -> 200
A28: Measure | B28: Value | C28: 95% CI low | D28: 95% CI high | E28: Definition
A29: Accuracy | B29: =(B25+C26)/(B25+C25+B26+C26) -> 0.93636364 | C29: =IF((B25+C25+B26+C26)=0,"",(((B25+C26)/(B25+C25+B26+C26))+1.959964^2/(2*(B25+C25+B26+C26))-1.959964*SQRT(((B25+C26)/(B25+C25+B26+C26))*(1-((B25+C26)/(B25+C25+B26+C26)))/(B25+C25+B26+C26)+1.959964^2/(4*(B25+C25+B26+C26)^2)))/(1+1.959964^2/(B25+C25+B26+C26))) -> 0.90956541 | D29: =IF((B25+C25+B26+C26)=0,"",(((B25+C26)/(B25+C25+B26+C26))+1.959964^2/(2*(B25+C25+B26+C26))+1.959964*SQRT(((B25+C26)/(B25+C25+B26+C26))*(1-((B25+C26)/(B25+C25+B26+C26)))/(B25+C25+B26+C26)+1.959964^2/(4*(B25+C25+B26+C26)^2)))/(1+1.959964^2/(B25+C25+B26+C26))) -> 0.95560838 | E29: (TP+TN) / all orders
A30: Precision | B30: =B25/(B25+B26) -> 0.89552239 | C30: =IF((B25+B26)=0,"",((B25/(B25+B26))+1.959964^2/(2*(B25+B26))-1.959964*SQRT((B25/(B25+B26))*(1-(B25/(B25+B26)))/(B25+B26)+1.959964^2/(4*(B25+B26)^2)))/(1+1.959964^2/(B25+B26))) -> 0.85314474 | D30: =IF((B25+B26)=0,"",((B25/(B25+B26))+1.959964^2/(2*(B25+B26))+1.959964*SQRT((B25/(B25+B26))*(1-(B25/(B25+B26)))/(B25+B26)+1.959964^2/(4*(B25+B26)^2)))/(1+1.959964^2/(B25+B26))) -> 0.92672158 | E30: TP / (TP+FP)
A31: Recall (detection rate) | B31: =B25/(B25+C25) -> 1 | C31: =IF((B25+C25)=0,"",((B25/(B25+C25))+1.959964^2/(2*(B25+C25))-1.959964*SQRT((B25/(B25+C25))*(1-(B25/(B25+C25)))/(B25+C25)+1.959964^2/(4*(B25+C25)^2)))/(1+1.959964^2/(B25+C25))) -> 0.98424608 | D31: =IF((B25+C25)=0,"",((B25/(B25+C25))+1.959964^2/(2*(B25+C25))+1.959964*SQRT((B25/(B25+C25))*(1-(B25/(B25+C25)))/(B25+C25)+1.959964^2/(4*(B25+C25)^2)))/(1+1.959964^2/(B25+C25))) -> 1 | E31: TP / (TP+FN)
A32: Specificity | B32: =C26/(C26+B26) -> 0.86 | C32: =IF((C26+B26)=0,"",((C26/(C26+B26))+1.959964^2/(2*(C26+B26))-1.959964*SQRT((C26/(C26+B26))*(1-(C26/(C26+B26)))/(C26+B26)+1.959964^2/(4*(C26+B26)^2)))/(1+1.959964^2/(C26+B26))) -> 0.80510119 | D32: =IF((C26+B26)=0,"",((C26/(C26+B26))+1.959964^2/(2*(C26+B26))+1.959964*SQRT((C26/(C26+B26))*(1-(C26/(C26+B26)))/(C26+B26)+1.959964^2/(4*(C26+B26)^2)))/(1+1.959964^2/(C26+B26))) -> 0.90133017 | E32: TN / (TN+FP)
A33: False-alarm rate | B33: =B26/(B26+C26) -> 0.14 | C33: =IF((B26+C26)=0,"",((B26/(B26+C26))+1.959964^2/(2*(B26+C26))-1.959964*SQRT((B26/(B26+C26))*(1-(B26/(B26+C26)))/(B26+C26)+1.959964^2/(4*(B26+C26)^2)))/(1+1.959964^2/(B26+C26))) -> 0.098669826 | D33: =IF((B26+C26)=0,"",((B26/(B26+C26))+1.959964^2/(2*(B26+C26))+1.959964*SQRT((B26/(B26+C26))*(1-(B26/(B26+C26)))/(B26+C26)+1.959964^2/(4*(B26+C26)^2)))/(1+1.959964^2/(B26+C26))) -> 0.19489881 | E33: FP / (FP+TN)
A34: F1 score | B34: =2*B30*B31/(B30+B31) -> 0.94488189 | E34: Harmonic mean of precision and recall. No Wilson interval, F1 is not a single proportion.
A36: D. Detection by planted error type
A37: Planted error | B37: Has rule | C37: Expected rule | D37: Orders | E37: Blocked | F37: Warned | G37: Passed | H37: Flagged | I37: Detection rate | J37: 95% CI low | K37: 95% CI high | L37: Caught by expected rule
A38: Clean order (no error) | D38: =COUNTIF('R1 Orders'!$M$2:$M$501,A38) -> 200 | E38: =COUNTIFS('R1 Orders'!$M$2:$M$501,A38,'R1 Orders'!$P$2:$P$501,"fail") -> 0 | F38: =COUNTIFS('R1 Orders'!$M$2:$M$501,A38,'R1 Orders'!$P$2:$P$501,"warn") -> 28 | G38: =COUNTIFS('R1 Orders'!$M$2:$M$501,A38,'R1 Orders'!$P$2:$P$501,"pass") -> 172 | H38: =E38+F38 -> 28 | I38: =IF(D38=0,"",H38/D38) -> 0.14 | J38: =IF(D38=0,"",((H38/D38)+1.959964^2/(2*D38)-1.959964*SQRT((H38/D38)*(1-(H38/D38))/D38+1.959964^2/(4*D38^2)))/(1+1.959964^2/D38)) -> 0.098669826 | K38: =IF(D38=0,"",((H38/D38)+1.959964^2/(2*D38)+1.959964*SQRT((H38/D38)*(1-(H38/D38))/D38+1.959964^2/(4*D38^2)))/(1+1.959964^2/D38)) -> 0.19489881
A39: SKU not in catalogue | B39: Yes | C39: sku | D39: =COUNTIF('R1 Orders'!$M$2:$M$501,A39) -> 20 | E39: =COUNTIFS('R1 Orders'!$M$2:$M$501,A39,'R1 Orders'!$P$2:$P$501,"fail") -> 20 | F39: =COUNTIFS('R1 Orders'!$M$2:$M$501,A39,'R1 Orders'!$P$2:$P$501,"warn") -> 0 | G39: =COUNTIFS('R1 Orders'!$M$2:$M$501,A39,'R1 Orders'!$P$2:$P$501,"pass") -> 0 | H39: =E39+F39 -> 20 | I39: =IF(D39=0,"",H39/D39) -> 1 | J39: =IF(D39=0,"",((H39/D39)+1.959964^2/(2*D39)-1.959964*SQRT((H39/D39)*(1-(H39/D39))/D39+1.959964^2/(4*D39^2)))/(1+1.959964^2/D39)) -> 0.83887484 | K39: =IF(D39=0,"",((H39/D39)+1.959964^2/(2*D39)+1.959964*SQRT((H39/D39)*(1-(H39/D39))/D39+1.959964^2/(4*D39^2)))/(1+1.959964^2/D39)) -> 1 | L39: =COUNTIFS('R1 Orders'!$M$2:$M$501,A39,'R1 Orders'!$AA$2:$AA$501,1) -> 20
A40: Discontinued product | B40: Yes | C40: sku | D40: =COUNTIF('R1 Orders'!$M$2:$M$501,A40) -> 20 | E40: =COUNTIFS('R1 Orders'!$M$2:$M$501,A40,'R1 Orders'!$P$2:$P$501,"fail") -> 20 | F40: =COUNTIFS('R1 Orders'!$M$2:$M$501,A40,'R1 Orders'!$P$2:$P$501,"warn") -> 0 | G40: =COUNTIFS('R1 Orders'!$M$2:$M$501,A40,'R1 Orders'!$P$2:$P$501,"pass") -> 0 | H40: =E40+F40 -> 20 | I40: =IF(D40=0,"",H40/D40) -> 1 | J40: =IF(D40=0,"",((H40/D40)+1.959964^2/(2*D40)-1.959964*SQRT((H40/D40)*(1-(H40/D40))/D40+1.959964^2/(4*D40^2)))/(1+1.959964^2/D40)) -> 0.83887484 | K40: =IF(D40=0,"",((H40/D40)+1.959964^2/(2*D40)+1.959964*SQRT((H40/D40)*(1-(H40/D40))/D40+1.959964^2/(4*D40^2)))/(1+1.959964^2/D40)) -> 1 | L40: =COUNTIFS('R1 Orders'!$M$2:$M$501,A40,'R1 Orders'!$AA$2:$AA$501,1) -> 20
A41: Missing delivery address | B41: Yes | C41: mandatory | D41: =COUNTIF('R1 Orders'!$M$2:$M$501,A41) -> 20 | E41: =COUNTIFS('R1 Orders'!$M$2:$M$501,A41,'R1 Orders'!$P$2:$P$501,"fail") -> 20 | F41: =COUNTIFS('R1 Orders'!$M$2:$M$501,A41,'R1 Orders'!$P$2:$P$501,"warn") -> 0 | G41: =COUNTIFS('R1 Orders'!$M$2:$M$501,A41,'R1 Orders'!$P$2:$P$501,"pass") -> 0 | H41: =E41+F41 -> 20 | I41: =IF(D41=0,"",H41/D41) -> 1 | J41: =IF(D41=0,"",((H41/D41)+1.959964^2/(2*D41)-1.959964*SQRT((H41/D41)*(1-(H41/D41))/D41+1.959964^2/(4*D41^2)))/(1+1.959964^2/D41)) -> 0.83887484 | K41: =IF(D41=0,"",((H41/D41)+1.959964^2/(2*D41)+1.959964*SQRT((H41/D41)*(1-(H41/D41))/D41+1.959964^2/(4*D41^2)))/(1+1.959964^2/D41)) -> 1 | L41: =COUNTIFS('R1 Orders'!$M$2:$M$501,A41,'R1 Orders'!$Z$2:$Z$501,1) -> 20
A42: Missing delivery date | B42: Yes | C42: mandatory | D42: =COUNTIF('R1 Orders'!$M$2:$M$501,A42) -> 20 | E42: =COUNTIFS('R1 Orders'!$M$2:$M$501,A42,'R1 Orders'!$P$2:$P$501,"fail") -> 20 | F42: =COUNTIFS('R1 Orders'!$M$2:$M$501,A42,'R1 Orders'!$P$2:$P$501,"warn") -> 0 | G42: =COUNTIFS('R1 Orders'!$M$2:$M$501,A42,'R1 Orders'!$P$2:$P$501,"pass") -> 0 | H42: =E42+F42 -> 20 | I42: =IF(D42=0,"",H42/D42) -> 1 | J42: =IF(D42=0,"",((H42/D42)+1.959964^2/(2*D42)-1.959964*SQRT((H42/D42)*(1-(H42/D42))/D42+1.959964^2/(4*D42^2)))/(1+1.959964^2/D42)) -> 0.83887484 | K42: =IF(D42=0,"",((H42/D42)+1.959964^2/(2*D42)+1.959964*SQRT((H42/D42)*(1-(H42/D42))/D42+1.959964^2/(4*D42^2)))/(1+1.959964^2/D42)) -> 1 | L42: =COUNTIFS('R1 Orders'!$M$2:$M$501,A42,'R1 Orders'!$Z$2:$Z$501,1) -> 20
A43: Delivery date in the past | B43: Yes | C43: delivery | D43: =COUNTIF('R1 Orders'!$M$2:$M$501,A43) -> 20 | E43: =COUNTIFS('R1 Orders'!$M$2:$M$501,A43,'R1 Orders'!$P$2:$P$501,"fail") -> 20 | F43: =COUNTIFS('R1 Orders'!$M$2:$M$501,A43,'R1 Orders'!$P$2:$P$501,"warn") -> 0 | G43: =COUNTIFS('R1 Orders'!$M$2:$M$501,A43,'R1 Orders'!$P$2:$P$501,"pass") -> 0 | H43: =E43+F43 -> 20 | I43: =IF(D43=0,"",H43/D43) -> 1 | J43: =IF(D43=0,"",((H43/D43)+1.959964^2/(2*D43)-1.959964*SQRT((H43/D43)*(1-(H43/D43))/D43+1.959964^2/(4*D43^2)))/(1+1.959964^2/D43)) -> 0.83887484 | K43: =IF(D43=0,"",((H43/D43)+1.959964^2/(2*D43)+1.959964*SQRT((H43/D43)*(1-(H43/D43))/D43+1.959964^2/(4*D43^2)))/(1+1.959964^2/D43)) -> 1 | L43: =COUNTIFS('R1 Orders'!$M$2:$M$501,A43,'R1 Orders'!$AF$2:$AF$501,1) -> 20
A44: Quantity below minimum | B44: Yes | C44: quantity | D44: =COUNTIF('R1 Orders'!$M$2:$M$501,A44) -> 20 | E44: =COUNTIFS('R1 Orders'!$M$2:$M$501,A44,'R1 Orders'!$P$2:$P$501,"fail") -> 20 | F44: =COUNTIFS('R1 Orders'!$M$2:$M$501,A44,'R1 Orders'!$P$2:$P$501,"warn") -> 0 | G44: =COUNTIFS('R1 Orders'!$M$2:$M$501,A44,'R1 Orders'!$P$2:$P$501,"pass") -> 0 | H44: =E44+F44 -> 20 | I44: =IF(D44=0,"",H44/D44) -> 1 | J44: =IF(D44=0,"",((H44/D44)+1.959964^2/(2*D44)-1.959964*SQRT((H44/D44)*(1-(H44/D44))/D44+1.959964^2/(4*D44^2)))/(1+1.959964^2/D44)) -> 0.83887484 | K44: =IF(D44=0,"",((H44/D44)+1.959964^2/(2*D44)+1.959964*SQRT((H44/D44)*(1-(H44/D44))/D44+1.959964^2/(4*D44^2)))/(1+1.959964^2/D44)) -> 1 | L44: =COUNTIFS('R1 Orders'!$M$2:$M$501,A44,'R1 Orders'!$AB$2:$AB$501,1) -> 20
A45: Quantity above maximum | B45: Yes | C45: quantity | D45: =COUNTIF('R1 Orders'!$M$2:$M$501,A45) -> 20 | E45: =COUNTIFS('R1 Orders'!$M$2:$M$501,A45,'R1 Orders'!$P$2:$P$501,"fail") -> 20 | F45: =COUNTIFS('R1 Orders'!$M$2:$M$501,A45,'R1 Orders'!$P$2:$P$501,"warn") -> 0 | G45: =COUNTIFS('R1 Orders'!$M$2:$M$501,A45,'R1 Orders'!$P$2:$P$501,"pass") -> 0 | H45: =E45+F45 -> 20 | I45: =IF(D45=0,"",H45/D45) -> 1 | J45: =IF(D45=0,"",((H45/D45)+1.959964^2/(2*D45)-1.959964*SQRT((H45/D45)*(1-(H45/D45))/D45+1.959964^2/(4*D45^2)))/(1+1.959964^2/D45)) -> 0.83887484 | K45: =IF(D45=0,"",((H45/D45)+1.959964^2/(2*D45)+1.959964*SQRT((H45/D45)*(1-(H45/D45))/D45+1.959964^2/(4*D45^2)))/(1+1.959964^2/D45)) -> 1 | L45: =COUNTIFS('R1 Orders'!$M$2:$M$501,A45,'R1 Orders'!$AB$2:$AB$501,1) -> 20
A46: Fractional quantity | B46: Yes | C46: quantity | D46: =COUNTIF('R1 Orders'!$M$2:$M$501,A46) -> 20 | E46: =COUNTIFS('R1 Orders'!$M$2:$M$501,A46,'R1 Orders'!$P$2:$P$501,"fail") -> 20 | F46: =COUNTIFS('R1 Orders'!$M$2:$M$501,A46,'R1 Orders'!$P$2:$P$501,"warn") -> 0 | G46: =COUNTIFS('R1 Orders'!$M$2:$M$501,A46,'R1 Orders'!$P$2:$P$501,"pass") -> 0 | H46: =E46+F46 -> 20 | I46: =IF(D46=0,"",H46/D46) -> 1 | J46: =IF(D46=0,"",((H46/D46)+1.959964^2/(2*D46)-1.959964*SQRT((H46/D46)*(1-(H46/D46))/D46+1.959964^2/(4*D46^2)))/(1+1.959964^2/D46)) -> 0.83887484 | K46: =IF(D46=0,"",((H46/D46)+1.959964^2/(2*D46)+1.959964*SQRT((H46/D46)*(1-(H46/D46))/D46+1.959964^2/(4*D46^2)))/(1+1.959964^2/D46)) -> 1 | L46: =COUNTIFS('R1 Orders'!$M$2:$M$501,A46,'R1 Orders'!$AB$2:$AB$501,1) -> 20
A47: Quantity above available stock | B47: Yes | C47: stock | D47: =COUNTIF('R1 Orders'!$M$2:$M$501,A47) -> 20 | E47: =COUNTIFS('R1 Orders'!$M$2:$M$501,A47,'R1 Orders'!$P$2:$P$501,"fail") -> 20 | F47: =COUNTIFS('R1 Orders'!$M$2:$M$501,A47,'R1 Orders'!$P$2:$P$501,"warn") -> 0 | G47: =COUNTIFS('R1 Orders'!$M$2:$M$501,A47,'R1 Orders'!$P$2:$P$501,"pass") -> 0 | H47: =E47+F47 -> 20 | I47: =IF(D47=0,"",H47/D47) -> 1 | J47: =IF(D47=0,"",((H47/D47)+1.959964^2/(2*D47)-1.959964*SQRT((H47/D47)*(1-(H47/D47))/D47+1.959964^2/(4*D47^2)))/(1+1.959964^2/D47)) -> 0.83887484 | K47: =IF(D47=0,"",((H47/D47)+1.959964^2/(2*D47)+1.959964*SQRT((H47/D47)*(1-(H47/D47))/D47+1.959964^2/(4*D47^2)))/(1+1.959964^2/D47)) -> 1 | L47: =COUNTIFS('R1 Orders'!$M$2:$M$501,A47,'R1 Orders'!$AC$2:$AC$501,1) -> 20
A48: Duplicate order | B48: Yes | C48: duplicate | D48: =COUNTIF('R1 Orders'!$M$2:$M$501,A48) -> 20 | E48: =COUNTIFS('R1 Orders'!$M$2:$M$501,A48,'R1 Orders'!$P$2:$P$501,"fail") -> 0 | F48: =COUNTIFS('R1 Orders'!$M$2:$M$501,A48,'R1 Orders'!$P$2:$P$501,"warn") -> 20 | G48: =COUNTIFS('R1 Orders'!$M$2:$M$501,A48,'R1 Orders'!$P$2:$P$501,"pass") -> 0 | H48: =E48+F48 -> 20 | I48: =IF(D48=0,"",H48/D48) -> 1 | J48: =IF(D48=0,"",((H48/D48)+1.959964^2/(2*D48)-1.959964*SQRT((H48/D48)*(1-(H48/D48))/D48+1.959964^2/(4*D48^2)))/(1+1.959964^2/D48)) -> 0.83887484 | K48: =IF(D48=0,"",((H48/D48)+1.959964^2/(2*D48)+1.959964*SQRT((H48/D48)*(1-(H48/D48))/D48+1.959964^2/(4*D48^2)))/(1+1.959964^2/D48)) -> 1 | L48: =COUNTIFS('R1 Orders'!$M$2:$M$501,A48,'R1 Orders'!$AG$2:$AG$501,1) -> 20
A49: Customer account not active | B49: Yes | C49: customer_status | D49: =COUNTIF('R1 Orders'!$M$2:$M$501,A49) -> 20 | E49: =COUNTIFS('R1 Orders'!$M$2:$M$501,A49,'R1 Orders'!$P$2:$P$501,"fail") -> 20 | F49: =COUNTIFS('R1 Orders'!$M$2:$M$501,A49,'R1 Orders'!$P$2:$P$501,"warn") -> 0 | G49: =COUNTIFS('R1 Orders'!$M$2:$M$501,A49,'R1 Orders'!$P$2:$P$501,"pass") -> 0 | H49: =E49+F49 -> 20 | I49: =IF(D49=0,"",H49/D49) -> 1 | J49: =IF(D49=0,"",((H49/D49)+1.959964^2/(2*D49)-1.959964*SQRT((H49/D49)*(1-(H49/D49))/D49+1.959964^2/(4*D49^2)))/(1+1.959964^2/D49)) -> 0.83887484 | K49: =IF(D49=0,"",((H49/D49)+1.959964^2/(2*D49)+1.959964*SQRT((H49/D49)*(1-(H49/D49))/D49+1.959964^2/(4*D49^2)))/(1+1.959964^2/D49)) -> 1 | L49: =COUNTIFS('R1 Orders'!$M$2:$M$501,A49,'R1 Orders'!$AD$2:$AD$501,1) -> 20
A50: Price changed after the order was saved | B50: Yes | C50: pricing | D50: =COUNTIF('R1 Orders'!$M$2:$M$501,A50) -> 20 | E50: =COUNTIFS('R1 Orders'!$M$2:$M$501,A50,'R1 Orders'!$P$2:$P$501,"fail") -> 20 | F50: =COUNTIFS('R1 Orders'!$M$2:$M$501,A50,'R1 Orders'!$P$2:$P$501,"warn") -> 0 | G50: =COUNTIFS('R1 Orders'!$M$2:$M$501,A50,'R1 Orders'!$P$2:$P$501,"pass") -> 0 | H50: =E50+F50 -> 20 | I50: =IF(D50=0,"",H50/D50) -> 1 | J50: =IF(D50=0,"",((H50/D50)+1.959964^2/(2*D50)-1.959964*SQRT((H50/D50)*(1-(H50/D50))/D50+1.959964^2/(4*D50^2)))/(1+1.959964^2/D50)) -> 0.83887484 | K50: =IF(D50=0,"",((H50/D50)+1.959964^2/(2*D50)+1.959964*SQRT((H50/D50)*(1-(H50/D50))/D50+1.959964^2/(4*D50^2)))/(1+1.959964^2/D50)) -> 1 | L50: =COUNTIFS('R1 Orders'!$M$2:$M$501,A50,'R1 Orders'!$AE$2:$AE$501,1) -> 20
A51: Wrong but valid product | B51: No | D51: =COUNTIF('R1 Orders'!$M$2:$M$501,A51) -> 20 | E51: =COUNTIFS('R1 Orders'!$M$2:$M$501,A51,'R1 Orders'!$P$2:$P$501,"fail") -> 0 | F51: =COUNTIFS('R1 Orders'!$M$2:$M$501,A51,'R1 Orders'!$P$2:$P$501,"warn") -> 5 | G51: =COUNTIFS('R1 Orders'!$M$2:$M$501,A51,'R1 Orders'!$P$2:$P$501,"pass") -> 15 | H51: =E51+F51 -> 5 | I51: =IF(D51=0,"",H51/D51) -> 0.25 | J51: =IF(D51=0,"",((H51/D51)+1.959964^2/(2*D51)-1.959964*SQRT((H51/D51)*(1-(H51/D51))/D51+1.959964^2/(4*D51^2)))/(1+1.959964^2/D51)) -> 0.1118617 | K51: =IF(D51=0,"",((H51/D51)+1.959964^2/(2*D51)+1.959964*SQRT((H51/D51)*(1-(H51/D51))/D51+1.959964^2/(4*D51^2)))/(1+1.959964^2/D51)) -> 0.46870088
A52: Plausible quantity typing slip | B52: No | D52: =COUNTIF('R1 Orders'!$M$2:$M$501,A52) -> 20 | E52: =COUNTIFS('R1 Orders'!$M$2:$M$501,A52,'R1 Orders'!$P$2:$P$501,"fail") -> 0 | F52: =COUNTIFS('R1 Orders'!$M$2:$M$501,A52,'R1 Orders'!$P$2:$P$501,"warn") -> 14 | G52: =COUNTIFS('R1 Orders'!$M$2:$M$501,A52,'R1 Orders'!$P$2:$P$501,"pass") -> 6 | H52: =E52+F52 -> 14 | I52: =IF(D52=0,"",H52/D52) -> 0.7 | J52: =IF(D52=0,"",((H52/D52)+1.959964^2/(2*D52)-1.959964*SQRT((H52/D52)*(1-(H52/D52))/D52+1.959964^2/(4*D52^2)))/(1+1.959964^2/D52)) -> 0.48102718 | K52: =IF(D52=0,"",((H52/D52)+1.959964^2/(2*D52)+1.959964*SQRT((H52/D52)*(1-(H52/D52))/D52+1.959964^2/(4*D52^2)))/(1+1.959964^2/D52)) -> 0.85452276
A53: Wrong saved address | B53: No | D53: =COUNTIF('R1 Orders'!$M$2:$M$501,A53) -> 20 | E53: =COUNTIFS('R1 Orders'!$M$2:$M$501,A53,'R1 Orders'!$P$2:$P$501,"fail") -> 0 | F53: =COUNTIFS('R1 Orders'!$M$2:$M$501,A53,'R1 Orders'!$P$2:$P$501,"warn") -> 5 | G53: =COUNTIFS('R1 Orders'!$M$2:$M$501,A53,'R1 Orders'!$P$2:$P$501,"pass") -> 15 | H53: =E53+F53 -> 5 | I53: =IF(D53=0,"",H53/D53) -> 0.25 | J53: =IF(D53=0,"",((H53/D53)+1.959964^2/(2*D53)-1.959964*SQRT((H53/D53)*(1-(H53/D53))/D53+1.959964^2/(4*D53^2)))/(1+1.959964^2/D53)) -> 0.1118617 | K53: =IF(D53=0,"",((H53/D53)+1.959964^2/(2*D53)+1.959964*SQRT((H53/D53)*(1-(H53/D53))/D53+1.959964^2/(4*D53^2)))/(1+1.959964^2/D53)) -> 0.46870088
A54: For the clean row the detection rate is the false-alarm rate.
A56: E. Rule activity and false alarms
A57: Rule | B57: Severity | C57: Orders it fired on | D57: On clean orders (false alarms) | E57: False alarms per clean order | F57: 95% CI low | G57: 95% CI high
A58: Mandatory fields | B58: Blocking | C58: =SUM('R1 Orders'!$Z$2:$Z$501) -> 40 | D58: =COUNTIFS('R1 Orders'!$M$2:$M$501,"Clean order (no error)",'R1 Orders'!$Z$2:$Z$501,1) -> 0 | E58: =D58/COUNTIF('R1 Orders'!$M$2:$M$501,"Clean order (no error)") -> 0 | F58: =IF(COUNTIF('R1 Orders'!$M$2:$M$501,"Clean order (no error)")=0,"",((D58/COUNTIF('R1 Orders'!$M$2:$M$501,"Clean order (no error)"))+1.959964^2/(2*COUNTIF('R1 Orders'!$M$2:$M$501,"Clean order (no error)"))-1.959964*SQRT((D58/COUNTIF('R1 Orders'!$M$2:$M$501,"Clean order (no error)"))*(1-(D58/COUNTIF('R1 Orders'!$M$2:$M$501,"Clean order (no error)")))/COUNTIF('R1 Orders'!$M$2:$M$501,"Clean order (no error)")+1.959964^2/(4*COUNTIF('R1 Orders'!$M$2:$M$501,"Clean order (no error)")^2)))/(1+1.959964^2/COUNTIF('R1 Orders'!$M$2:$M$501,"Clean order (no error)"))) -> 0 | G58: =IF(COUNTIF('R1 Orders'!$M$2:$M$501,"Clean order (no error)")=0,"",((D58/COUNTIF('R1 Orders'!$M$2:$M$501,"Clean order (no error)"))+1.959964^2/(2*COUNTIF('R1 Orders'!$M$2:$M$501,"Clean order (no error)"))+1.959964*SQRT((D58/COUNTIF('R1 Orders'!$M$2:$M$501,"Clean order (no error)"))*(1-(D58/COUNTIF('R1 Orders'!$M$2:$M$501,"Clean order (no error)")))/COUNTIF('R1 Orders'!$M$2:$M$501,"Clean order (no error)")+1.959964^2/(4*COUNTIF('R1 Orders'!$M$2:$M$501,"Clean order (no error)")^2)))/(1+1.959964^2/COUNTIF('R1 Orders'!$M$2:$M$501,"Clean order (no error)"))) -> 0.018845327
A59: SKU and product active | B59: Blocking | C59: =SUM('R1 Orders'!$AA$2:$AA$501) -> 40 | D59: =COUNTIFS('R1 Orders'!$M$2:$M$501,"Clean order (no error)",'R1 Orders'!$AA$2:$AA$501,1) -> 0 | E59: =D59/COUNTIF('R1 Orders'!$M$2:$M$501,"Clean order (no error)") -> 0 | F59: =IF(COUNTIF('R1 Orders'!$M$2:$M$501,"Clean order (no error)")=0,"",((D59/COUNTIF('R1 Orders'!$M$2:$M$501,"Clean order (no error)"))+1.959964^2/(2*COUNTIF('R1 Orders'!$M$2:$M$501,"Clean order (no error)"))-1.959964*SQRT((D59/COUNTIF('R1 Orders'!$M$2:$M$501,"Clean order (no error)"))*(1-(D59/COUNTIF('R1 Orders'!$M$2:$M$501,"Clean order (no error)")))/COUNTIF('R1 Orders'!$M$2:$M$501,"Clean order (no error)")+1.959964^2/(4*COUNTIF('R1 Orders'!$M$2:$M$501,"Clean order (no error)")^2)))/(1+1.959964^2/COUNTIF('R1 Orders'!$M$2:$M$501,"Clean order (no error)"))) -> 0 | G59: =IF(COUNTIF('R1 Orders'!$M$2:$M$501,"Clean order (no error)")=0,"",((D59/COUNTIF('R1 Orders'!$M$2:$M$501,"Clean order (no error)"))+1.959964^2/(2*COUNTIF('R1 Orders'!$M$2:$M$501,"Clean order (no error)"))+1.959964*SQRT((D59/COUNTIF('R1 Orders'!$M$2:$M$501,"Clean order (no error)"))*(1-(D59/COUNTIF('R1 Orders'!$M$2:$M$501,"Clean order (no error)")))/COUNTIF('R1 Orders'!$M$2:$M$501,"Clean order (no error)")+1.959964^2/(4*COUNTIF('R1 Orders'!$M$2:$M$501,"Clean order (no error)")^2)))/(1+1.959964^2/COUNTIF('R1 Orders'!$M$2:$M$501,"Clean order (no error)"))) -> 0.018845327
A60: Quantity limits | B60: Blocking | C60: =SUM('R1 Orders'!$AB$2:$AB$501) -> 60 | D60: =COUNTIFS('R1 Orders'!$M$2:$M$501,"Clean order (no error)",'R1 Orders'!$AB$2:$AB$501,1) -> 0 | E60: =D60/COUNTIF('R1 Orders'!$M$2:$M$501,"Clean order (no error)") -> 0 | F60: =IF(COUNTIF('R1 Orders'!$M$2:$M$501,"Clean order (no error)")=0,"",((D60/COUNTIF('R1 Orders'!$M$2:$M$501,"Clean order (no error)"))+1.959964^2/(2*COUNTIF('R1 Orders'!$M$2:$M$501,"Clean order (no error)"))-1.959964*SQRT((D60/COUNTIF('R1 Orders'!$M$2:$M$501,"Clean order (no error)"))*(1-(D60/COUNTIF('R1 Orders'!$M$2:$M$501,"Clean order (no error)")))/COUNTIF('R1 Orders'!$M$2:$M$501,"Clean order (no error)")+1.959964^2/(4*COUNTIF('R1 Orders'!$M$2:$M$501,"Clean order (no error)")^2)))/(1+1.959964^2/COUNTIF('R1 Orders'!$M$2:$M$501,"Clean order (no error)"))) -> 0 | G60: =IF(COUNTIF('R1 Orders'!$M$2:$M$501,"Clean order (no error)")=0,"",((D60/COUNTIF('R1 Orders'!$M$2:$M$501,"Clean order (no error)"))+1.959964^2/(2*COUNTIF('R1 Orders'!$M$2:$M$501,"Clean order (no error)"))+1.959964*SQRT((D60/COUNTIF('R1 Orders'!$M$2:$M$501,"Clean order (no error)"))*(1-(D60/COUNTIF('R1 Orders'!$M$2:$M$501,"Clean order (no error)")))/COUNTIF('R1 Orders'!$M$2:$M$501,"Clean order (no error)")+1.959964^2/(4*COUNTIF('R1 Orders'!$M$2:$M$501,"Clean order (no error)")^2)))/(1+1.959964^2/COUNTIF('R1 Orders'!$M$2:$M$501,"Clean order (no error)"))) -> 0.018845327
A61: Stock availability | B61: Blocking | C61: =SUM('R1 Orders'!$AC$2:$AC$501) -> 60 | D61: =COUNTIFS('R1 Orders'!$M$2:$M$501,"Clean order (no error)",'R1 Orders'!$AC$2:$AC$501,1) -> 0 | E61: =D61/COUNTIF('R1 Orders'!$M$2:$M$501,"Clean order (no error)") -> 0 | F61: =IF(COUNTIF('R1 Orders'!$M$2:$M$501,"Clean order (no error)")=0,"",((D61/COUNTIF('R1 Orders'!$M$2:$M$501,"Clean order (no error)"))+1.959964^2/(2*COUNTIF('R1 Orders'!$M$2:$M$501,"Clean order (no error)"))-1.959964*SQRT((D61/COUNTIF('R1 Orders'!$M$2:$M$501,"Clean order (no error)"))*(1-(D61/COUNTIF('R1 Orders'!$M$2:$M$501,"Clean order (no error)")))/COUNTIF('R1 Orders'!$M$2:$M$501,"Clean order (no error)")+1.959964^2/(4*COUNTIF('R1 Orders'!$M$2:$M$501,"Clean order (no error)")^2)))/(1+1.959964^2/COUNTIF('R1 Orders'!$M$2:$M$501,"Clean order (no error)"))) -> 0 | G61: =IF(COUNTIF('R1 Orders'!$M$2:$M$501,"Clean order (no error)")=0,"",((D61/COUNTIF('R1 Orders'!$M$2:$M$501,"Clean order (no error)"))+1.959964^2/(2*COUNTIF('R1 Orders'!$M$2:$M$501,"Clean order (no error)"))+1.959964*SQRT((D61/COUNTIF('R1 Orders'!$M$2:$M$501,"Clean order (no error)"))*(1-(D61/COUNTIF('R1 Orders'!$M$2:$M$501,"Clean order (no error)")))/COUNTIF('R1 Orders'!$M$2:$M$501,"Clean order (no error)")+1.959964^2/(4*COUNTIF('R1 Orders'!$M$2:$M$501,"Clean order (no error)")^2)))/(1+1.959964^2/COUNTIF('R1 Orders'!$M$2:$M$501,"Clean order (no error)"))) -> 0.018845327
A62: Customer status | B62: Blocking | C62: =SUM('R1 Orders'!$AD$2:$AD$501) -> 20 | D62: =COUNTIFS('R1 Orders'!$M$2:$M$501,"Clean order (no error)",'R1 Orders'!$AD$2:$AD$501,1) -> 0 | E62: =D62/COUNTIF('R1 Orders'!$M$2:$M$501,"Clean order (no error)") -> 0 | F62: =IF(COUNTIF('R1 Orders'!$M$2:$M$501,"Clean order (no error)")=0,"",((D62/COUNTIF('R1 Orders'!$M$2:$M$501,"Clean order (no error)"))+1.959964^2/(2*COUNTIF('R1 Orders'!$M$2:$M$501,"Clean order (no error)"))-1.959964*SQRT((D62/COUNTIF('R1 Orders'!$M$2:$M$501,"Clean order (no error)"))*(1-(D62/COUNTIF('R1 Orders'!$M$2:$M$501,"Clean order (no error)")))/COUNTIF('R1 Orders'!$M$2:$M$501,"Clean order (no error)")+1.959964^2/(4*COUNTIF('R1 Orders'!$M$2:$M$501,"Clean order (no error)")^2)))/(1+1.959964^2/COUNTIF('R1 Orders'!$M$2:$M$501,"Clean order (no error)"))) -> 0 | G62: =IF(COUNTIF('R1 Orders'!$M$2:$M$501,"Clean order (no error)")=0,"",((D62/COUNTIF('R1 Orders'!$M$2:$M$501,"Clean order (no error)"))+1.959964^2/(2*COUNTIF('R1 Orders'!$M$2:$M$501,"Clean order (no error)"))+1.959964*SQRT((D62/COUNTIF('R1 Orders'!$M$2:$M$501,"Clean order (no error)"))*(1-(D62/COUNTIF('R1 Orders'!$M$2:$M$501,"Clean order (no error)")))/COUNTIF('R1 Orders'!$M$2:$M$501,"Clean order (no error)")+1.959964^2/(4*COUNTIF('R1 Orders'!$M$2:$M$501,"Clean order (no error)")^2)))/(1+1.959964^2/COUNTIF('R1 Orders'!$M$2:$M$501,"Clean order (no error)"))) -> 0.018845327
A63: Pricing | B63: Blocking | C63: =SUM('R1 Orders'!$AE$2:$AE$501) -> 20 | D63: =COUNTIFS('R1 Orders'!$M$2:$M$501,"Clean order (no error)",'R1 Orders'!$AE$2:$AE$501,1) -> 0 | E63: =D63/COUNTIF('R1 Orders'!$M$2:$M$501,"Clean order (no error)") -> 0 | F63: =IF(COUNTIF('R1 Orders'!$M$2:$M$501,"Clean order (no error)")=0,"",((D63/COUNTIF('R1 Orders'!$M$2:$M$501,"Clean order (no error)"))+1.959964^2/(2*COUNTIF('R1 Orders'!$M$2:$M$501,"Clean order (no error)"))-1.959964*SQRT((D63/COUNTIF('R1 Orders'!$M$2:$M$501,"Clean order (no error)"))*(1-(D63/COUNTIF('R1 Orders'!$M$2:$M$501,"Clean order (no error)")))/COUNTIF('R1 Orders'!$M$2:$M$501,"Clean order (no error)")+1.959964^2/(4*COUNTIF('R1 Orders'!$M$2:$M$501,"Clean order (no error)")^2)))/(1+1.959964^2/COUNTIF('R1 Orders'!$M$2:$M$501,"Clean order (no error)"))) -> 0 | G63: =IF(COUNTIF('R1 Orders'!$M$2:$M$501,"Clean order (no error)")=0,"",((D63/COUNTIF('R1 Orders'!$M$2:$M$501,"Clean order (no error)"))+1.959964^2/(2*COUNTIF('R1 Orders'!$M$2:$M$501,"Clean order (no error)"))+1.959964*SQRT((D63/COUNTIF('R1 Orders'!$M$2:$M$501,"Clean order (no error)"))*(1-(D63/COUNTIF('R1 Orders'!$M$2:$M$501,"Clean order (no error)")))/COUNTIF('R1 Orders'!$M$2:$M$501,"Clean order (no error)")+1.959964^2/(4*COUNTIF('R1 Orders'!$M$2:$M$501,"Clean order (no error)")^2)))/(1+1.959964^2/COUNTIF('R1 Orders'!$M$2:$M$501,"Clean order (no error)"))) -> 0.018845327
A64: Delivery date and address | B64: Blocking | C64: =SUM('R1 Orders'!$AF$2:$AF$501) -> 20 | D64: =COUNTIFS('R1 Orders'!$M$2:$M$501,"Clean order (no error)",'R1 Orders'!$AF$2:$AF$501,1) -> 0 | E64: =D64/COUNTIF('R1 Orders'!$M$2:$M$501,"Clean order (no error)") -> 0 | F64: =IF(COUNTIF('R1 Orders'!$M$2:$M$501,"Clean order (no error)")=0,"",((D64/COUNTIF('R1 Orders'!$M$2:$M$501,"Clean order (no error)"))+1.959964^2/(2*COUNTIF('R1 Orders'!$M$2:$M$501,"Clean order (no error)"))-1.959964*SQRT((D64/COUNTIF('R1 Orders'!$M$2:$M$501,"Clean order (no error)"))*(1-(D64/COUNTIF('R1 Orders'!$M$2:$M$501,"Clean order (no error)")))/COUNTIF('R1 Orders'!$M$2:$M$501,"Clean order (no error)")+1.959964^2/(4*COUNTIF('R1 Orders'!$M$2:$M$501,"Clean order (no error)")^2)))/(1+1.959964^2/COUNTIF('R1 Orders'!$M$2:$M$501,"Clean order (no error)"))) -> 0 | G64: =IF(COUNTIF('R1 Orders'!$M$2:$M$501,"Clean order (no error)")=0,"",((D64/COUNTIF('R1 Orders'!$M$2:$M$501,"Clean order (no error)"))+1.959964^2/(2*COUNTIF('R1 Orders'!$M$2:$M$501,"Clean order (no error)"))+1.959964*SQRT((D64/COUNTIF('R1 Orders'!$M$2:$M$501,"Clean order (no error)"))*(1-(D64/COUNTIF('R1 Orders'!$M$2:$M$501,"Clean order (no error)")))/COUNTIF('R1 Orders'!$M$2:$M$501,"Clean order (no error)")+1.959964^2/(4*COUNTIF('R1 Orders'!$M$2:$M$501,"Clean order (no error)")^2)))/(1+1.959964^2/COUNTIF('R1 Orders'!$M$2:$M$501,"Clean order (no error)"))) -> 0.018845327
A65: Duplicate order | B65: Warning | C65: =SUM('R1 Orders'!$AG$2:$AG$501) -> 22 | D65: =COUNTIFS('R1 Orders'!$M$2:$M$501,"Clean order (no error)",'R1 Orders'!$AG$2:$AG$501,1) -> 1 | E65: =D65/COUNTIF('R1 Orders'!$M$2:$M$501,"Clean order (no error)") -> 0.005 | F65: =IF(COUNTIF('R1 Orders'!$M$2:$M$501,"Clean order (no error)")=0,"",((D65/COUNTIF('R1 Orders'!$M$2:$M$501,"Clean order (no error)"))+1.959964^2/(2*COUNTIF('R1 Orders'!$M$2:$M$501,"Clean order (no error)"))-1.959964*SQRT((D65/COUNTIF('R1 Orders'!$M$2:$M$501,"Clean order (no error)"))*(1-(D65/COUNTIF('R1 Orders'!$M$2:$M$501,"Clean order (no error)")))/COUNTIF('R1 Orders'!$M$2:$M$501,"Clean order (no error)")+1.959964^2/(4*COUNTIF('R1 Orders'!$M$2:$M$501,"Clean order (no error)")^2)))/(1+1.959964^2/COUNTIF('R1 Orders'!$M$2:$M$501,"Clean order (no error)"))) -> 0.00088316871 | G65: =IF(COUNTIF('R1 Orders'!$M$2:$M$501,"Clean order (no error)")=0,"",((D65/COUNTIF('R1 Orders'!$M$2:$M$501,"Clean order (no error)"))+1.959964^2/(2*COUNTIF('R1 Orders'!$M$2:$M$501,"Clean order (no error)"))+1.959964*SQRT((D65/COUNTIF('R1 Orders'!$M$2:$M$501,"Clean order (no error)"))*(1-(D65/COUNTIF('R1 Orders'!$M$2:$M$501,"Clean order (no error)")))/COUNTIF('R1 Orders'!$M$2:$M$501,"Clean order (no error)")+1.959964^2/(4*COUNTIF('R1 Orders'!$M$2:$M$501,"Clean order (no error)")^2)))/(1+1.959964^2/COUNTIF('R1 Orders'!$M$2:$M$501,"Clean order (no error)"))) -> 0.027773705
A66: Unusual quantity | B66: Warning | C66: =SUM('R1 Orders'!$AH$2:$AH$501) -> 94 | D66: =COUNTIFS('R1 Orders'!$M$2:$M$501,"Clean order (no error)",'R1 Orders'!$AH$2:$AH$501,1) -> 27 | E66: =D66/COUNTIF('R1 Orders'!$M$2:$M$501,"Clean order (no error)") -> 0.135 | F66: =IF(COUNTIF('R1 Orders'!$M$2:$M$501,"Clean order (no error)")=0,"",((D66/COUNTIF('R1 Orders'!$M$2:$M$501,"Clean order (no error)"))+1.959964^2/(2*COUNTIF('R1 Orders'!$M$2:$M$501,"Clean order (no error)"))-1.959964*SQRT((D66/COUNTIF('R1 Orders'!$M$2:$M$501,"Clean order (no error)"))*(1-(D66/COUNTIF('R1 Orders'!$M$2:$M$501,"Clean order (no error)")))/COUNTIF('R1 Orders'!$M$2:$M$501,"Clean order (no error)")+1.959964^2/(4*COUNTIF('R1 Orders'!$M$2:$M$501,"Clean order (no error)")^2)))/(1+1.959964^2/COUNTIF('R1 Orders'!$M$2:$M$501,"Clean order (no error)"))) -> 0.094465704 | G66: =IF(COUNTIF('R1 Orders'!$M$2:$M$501,"Clean order (no error)")=0,"",((D66/COUNTIF('R1 Orders'!$M$2:$M$501,"Clean order (no error)"))+1.959964^2/(2*COUNTIF('R1 Orders'!$M$2:$M$501,"Clean order (no error)"))+1.959964*SQRT((D66/COUNTIF('R1 Orders'!$M$2:$M$501,"Clean order (no error)"))*(1-(D66/COUNTIF('R1 Orders'!$M$2:$M$501,"Clean order (no error)")))/COUNTIF('R1 Orders'!$M$2:$M$501,"Clean order (no error)")+1.959964^2/(4*COUNTIF('R1 Orders'!$M$2:$M$501,"Clean order (no error)")^2)))/(1+1.959964^2/COUNTIF('R1 Orders'!$M$2:$M$501,"Clean order (no error)"))) -> 0.18929138
A68: F. Validation time (ms), clock time of submit_order inside the database
A69: Statistic | B69: Value
A70: Orders measured | B70: =COUNT('R1 Orders'!$U$2:$U$501) -> 500
A71: Mean | B71: =AVERAGE('R1 Orders'!$U$2:$U$501) -> 28.722788
A72: Sample SD (STDEV.S) | B72: =_xlfn.STDEV.S('R1 Orders'!$U$2:$U$501) -> 23.270074
A73: Median | B73: =MEDIAN('R1 Orders'!$U$2:$U$501) -> 22.155
A74: 95th percentile (PERCENTILE.INC) | B74: =_xlfn.PERCENTILE.INC('R1 Orders'!$U$2:$U$501,0.95) -> 74.7244
A75: Minimum | B75: =MIN('R1 Orders'!$U$2:$U$501) -> 2.45
A76: Maximum | B76: =MAX('R1 Orders'!$U$2:$U$501) -> 124.309
A77: Mean of orders 1-100, 101-200, 201-300, 301-400, 401-500 | B77: =AVERAGE('R1 Orders'!$U$2:$U$101) -> 6.90044 | C77: =AVERAGE('R1 Orders'!$U$102:$U$201) -> 13.76872 | D77: =AVERAGE('R1 Orders'!$U$202:$U$301) -> 26.29384 | E77: =AVERAGE('R1 Orders'!$U$302:$U$401) -> 37.8899 | F77: =AVERAGE('R1 Orders'!$U$402:$U$501) -> 58.76104
A79: G. Mandatory-field completion among orders reaching approval (status pending_approval)
A80: Orders reaching approval | B80: =COUNTIF('R1 Orders'!$R$2:$R$501,"pending_approval") -> 258
A81: With address, region, delivery date and at least one line | B81: =COUNTIFS('R1 Orders'!$R$2:$R$501,"pending_approval",'R1 Orders'!$E$2:$E$501,"<>(none)",'R1 Orders'!$F$2:$F$501,">0",'R1 Orders'!$AI$2:$AI$501,"Yes") -> 258
A82: Completion | B82: =B81/B80 -> 1 | C82: =IF(B80=0,"",((B81/B80)+1.959964^2/(2*B80)-1.959964*SQRT((B81/B80)*(1-(B81/B80))/B80+1.959964^2/(4*B80^2)))/(1+1.959964^2/B80)) -> 0.98532907 | D82: =IF(B80=0,"",((B81/B80)+1.959964^2/(2*B80)+1.959964*SQRT((B81/B80)*(1-(B81/B80))/B80+1.959964^2/(4*B80^2)))/(1+1.959964^2/B80)) -> 1

Sheet R2 Orders
A1: Seq | B1: Order no. | C1: Simulated day | D1: Company | E1: Region | F1: Lines | G1: Units | H1: Items (SKU x qty @ unit price) | I1: Subtotal (₦) | J1: Delivery fee (₦) | K1: Tax (₦) | L1: Total (₦) | M1: Planted error | N1: Has rule | O1: Expected rule | P1: Outcome | Q1: Flagged | R1: Status after submit | S1: Rules triggered | T1: Messages shown | U1: Validation time (ms) | V1: Draft event at | W1: Submitted event at | X1: Last event at | Y1: Last status | Z1: Rule: mandatory | AA1: Rule: sku | AB1: Rule: quantity | AC1: Rule: stock | AD1: Rule: customer_status | AE1: Rule: pricing | AF1: Rule: delivery | AG1: Rule: duplicate | AH1: Rule: unusual_quantity | AI1: Delivery date given
A2: 1 | B2: ORD-4362 | C2: 1 | D2: Ola-Ade Hardware & Tiles | E2: Ikeja | F2: 4 | G2: 104 | H2: CEM-50 x 29 @ 9,500; PVC-2 x 2 @ 4,100; ROD-16 x 72 @ 11,800; SAND-T x 1 @ 185,000 | I2: 1318300 | J2: 4500 | K2: 99210 | L2: 1422010 | M2: Discontinued product | N2: Yes | O2: sku | P2: fail | Q2: =IF(P2="pass","No","Yes") -> Yes | R2: validation_failed | S2: sku, stock | T2: SAND-T is no longer sold. Remove it. | Sharp sand, 20 tonne trip is out of stock. | U2: 5.908 | V2: 2026-10-27T10:39:46.855014+00:00 | W2: 2026-10-27T10:39:46.861263+00:00 | X2: 2026-10-27T10:39:46.861691+00:00 | Y2: validation_failed | Z2: 0 | AA2: 1 | AB2: 0 | AC2: 1 | AD2: 0 | AE2: 0 | AF2: 0 | AG2: 0 | AH2: 0 | AI2: Yes
A3: 2 | B3: ORD-4363 | C3: 1 | D3: Victoria Island Fit-Out Ltd | E3: Lagos Island | F3: 3 | G3: 7 | H3: PVC-2 x 2 @ 4,100; SAND-T x 1 @ 185,000; WIRE-25 x 4 @ 52,000 | I3: 401200 | J3: 5000 | K3: 30465 | L3: 436665 | M3: Discontinued product | N3: Yes | O3: sku | P3: fail | Q3: =IF(P3="pass","No","Yes") -> Yes | R3: validation_failed | S3: sku, stock | T3: SAND-T is no longer sold. Remove it. | Sharp sand, 20 tonne trip is out of stock. | U3: 2.769 | V3: 2026-10-27T10:39:46.864959+00:00 | W3: 2026-10-27T10:39:46.867956+00:00 | X3: 2026-10-27T10:39:46.868382+00:00 | Y3: validation_failed | Z3: 0 | AA3: 1 | AB3: 0 | AC3: 1 | AD3: 0 | AE3: 0 | AF3: 0 | AG3: 0 | AH3: 0 | AI3: Yes
A4: 3 | B4: ORD-4364 | C4: 1 | D4: Ibadan Prime Homes Ltd | E4: Ibadan | F4: 4 | G4: 146 | H4: CEM-50 x 64 @ 9,500; PNT-20C x 9 @ 38,000; ROOF-AL x 72 @ 12,500; TIL-6060 x 1 @ 14,500 | I4: 1864500 | J4: 9000 | K4: 140512.5 | L4: 2014012.5 | M4: Quantity below minimum | N4: Yes | O4: quantity | P4: fail | Q4: =IF(P4="pass","No","Yes") -> Yes | R4: validation_failed | S4: quantity | T4: Floor tile 60x60, carton: quantity must be between 2 and 800. | U4: 5.683 | V4: 2026-10-27T10:39:46.870922+00:00 | W4: 2026-10-27T10:39:46.876841+00:00 | X4: 2026-10-27T10:39:46.877283+00:00 | Y4: validation_failed | Z4: 0 | AA4: 0 | AB4: 1 | AC4: 0 | AD4: 0 | AE4: 0 | AF4: 0 | AG4: 0 | AH4: 0 | AI4: Yes
A5: 4 | B5: ORD-4365 | C5: 1 | D5: Surulere Paint & Finish | E5: Lagos Mainland | F5: 3 | G5: 47 | H5: NAIL-3 x 10 @ 31,000; PNT-20C x 7 @ 38,000; PVC-4 x 30 @ 8,600 | I5: 834000 | J5: 4000 | K5: 62850 | L5: 900850 | M5: Clean order (no error) | N5: No | P5: pass | Q5: =IF(P5="pass","No","Yes") -> No | R5: pending_approval | U5: 3.066 | V5: 2026-10-27T10:39:46.879487+00:00 | W5: 2026-10-27T10:39:46.882211+00:00 | X5: 2026-10-27T10:39:46.882706+00:00 | Y5: pending_approval | Z5: 0 | AA5: 0 | AB5: 0 | AC5: 0 | AD5: 0 | AE5: 0 | AF5: 0 | AG5: 0 | AH5: 0 | AI5: Yes
A6: 5 | B6: ORD-4366 | C6: 1 | D6: Eko Bridge Contractors | E6: Lagos Island | F6: 3 | G6: 14 | H6: PNT-20C x 9 @ 38,000; PNT-20W x 1 @ 38,000; WIRE-25 x 4 @ 52,000 | I6: 588000 | J6: 5000 | K6: 44475 | L6: 637475 | M6: Clean order (no error) | N6: No | P6: pass | Q6: =IF(P6="pass","No","Yes") -> No | R6: pending_approval | U6: 3.08 | V6: 2026-10-27T10:39:46.885077+00:00 | W6: 2026-10-27T10:39:46.887911+00:00 | X6: 2026-10-27T10:39:46.888333+00:00 | Y6: pending_approval | Z6: 0 | AA6: 0 | AB6: 0 | AC6: 0 | AD6: 0 | AE6: 0 | AF6: 0 | AG6: 0 | AH6: 0 | AI6: Yes
A7: 6 | B7: ORD-4367 | C7: 1 | D7: Ajah Sunrise Housing Co-op | E7: Lekki-Ajah | F7: 3 | G7: 15 | H7: NAIL-3 x 2 @ 31,000; PNT-20C x 2 @ 38,000; PNT-20W x 11 @ 38,000 | I7: 556000 | J7: 6000 | K7: 42150 | L7: 604150 | M7: Clean order (no error) | N7: No | P7: pass | Q7: =IF(P7="pass","No","Yes") -> No | R7: pending_approval | U7: 3.328 | V7: 2026-10-27T10:39:46.89063+00:00 | W7: 2026-10-27T10:39:46.893677+00:00 | X7: 2026-10-27T10:39:46.894086+00:00 | Y7: pending_approval | Z7: 0 | AA7: 0 | AB7: 0 | AC7: 0 | AD7: 0 | AE7: 0 | AF7: 0 | AG7: 0 | AH7: 0 | AI7: Yes
A8: 7 | B8: ORD-4368 | C8: 1 | D8: Greenfield Estates Nigeria | E8: Lekki-Ajah | F8: 3 | G8: 37 | H8: NAIL-3 x 12 @ 31,000; PVC-2 x 2 @ 4,100; PVC-4 x 23 @ 8,600 | I8: 578000 | J8: 6000 | K8: 43800 | L8: 627800 | M8: Customer account not active | N8: Yes | O8: customer_status | P8: fail | Q8: =IF(P8="pass","No","Yes") -> Yes | R8: validation_failed | S8: customer_status | T8: The customer account is not active. | U8: 2.676 | V8: 2026-10-27T10:39:46.896334+00:00 | W8: 2026-10-27T10:39:46.899401+00:00 | X8: 2026-10-27T10:39:46.899808+00:00 | Y8: validation_failed | Z8: 0 | AA8: 0 | AB8: 0 | AC8: 0 | AD8: 1 | AE8: 0 | AF8: 0 | AG8: 0 | AH8: 0 | AI8: Yes
A9: 8 | B9: ORD-4369 | C9: 1 | D9: Yaba Tech Hub Builders | E9: Lagos Mainland | F9: 4 | G9: 115 | H9: NAIL-3 x 7 @ 31,000; PNT-20W x 2 @ 38,000; TIL-6060 x 91 @ 14,500; WIRE-25 x 15 @ 52,000 | I9: 2392500 | J9: 4000 | K9: 179737.5 | L9: 2576237.5 | M9: Wrong but valid product | N9: No | P9: pass | Q9: =IF(P9="pass","No","Yes") -> No | R9: pending_approval | U9: 3.503 | V9: 2026-10-27T10:39:46.901323+00:00 | W9: 2026-10-27T10:39:46.904665+00:00 | X9: 2026-10-27T10:39:46.905103+00:00 | Y9: pending_approval | Z9: 0 | AA9: 0 | AB9: 0 | AC9: 0 | AD9: 0 | AE9: 0 | AF9: 0 | AG9: 0 | AH9: 0 | AI9: Yes
A10: 9 | B10: ORD-4370 | C10: 1 | D10: Oyo Central Builders | E10: Ibadan | F10: 3 | G10: 89 | H10: NAIL-3 x 13 @ 31,000; ROOF-AL x 37 @ 12,500; TIL-6060 x 39 @ 14,500 | I10: 1431000 | J10: 9000 | K10: 108000 | L10: 1548000 | M10: Clean order (no error) | N10: No | P10: pass | Q10: =IF(P10="pass","No","Yes") -> No | R10: pending_approval | U10: 3.365 | V10: 2026-10-27T10:39:46.906625+00:00 | W10: 2026-10-27T10:39:46.909777+00:00 | X10: 2026-10-27T10:39:46.910193+00:00 | Y10: pending_approval | Z10: 0 | AA10: 0 | AB10: 0 | AC10: 0 | AD10: 0 | AE10: 0 | AF10: 0 | AG10: 0 | AH10: 0 | AI10: Yes
A11: 10 | B11: ORD-4371 | C11: 1 | D11: Yaba Tech Hub Builders | E11: Lagos Mainland | F11: 3 | G11: 202 | H11: CEM-50 x 160 @ 9,500; ROOF-AL x 33 @ 12,500; WIRE-25 x 9 @ 52,000 | I11: 2400500 | J11: 4000 | K11: 180337.5 | L11: 2584837.5 | M11: Plausible quantity typing slip | N11: No | P11: warn | Q11: =IF(P11="pass","No","Yes") -> Yes | R11: pending_approval | S11: unusual_quantity | T11: Cement, 50 kg bag: 160 is far above this customer's usual 23. | U11: 6.79 | V11: 2026-10-27T10:39:46.912043+00:00 | W11: 2026-10-27T10:39:46.918709+00:00 | X11: 2026-10-27T10:39:46.91913+00:00 | Y11: pending_approval | Z11: 0 | AA11: 0 | AB11: 0 | AC11: 0 | AD11: 0 | AE11: 0 | AF11: 0 | AG11: 0 | AH11: 1 | AI11: Yes
A12: 11 | B12: ORD-4372 | C12: 1 | D12: Surulere Paint & Finish | E12: Lagos Mainland | F12: 3 | G12: 168 | H12: PNT-20W x 20 @ 38,000; ROD-12 x 109 @ 7,200; TIL-6060 x 39 @ 14,500 | I12: 2110300 | J12: 4000 | K12: 158572.5 | L12: 2272872.5 | M12: Wrong but valid product | N12: No | P12: warn | Q12: =IF(P12="pass","No","Yes") -> Yes | R12: pending_approval | S12: unusual_quantity | T12: Iron rod, 12 mm: 109 is far above this customer's usual 13. | U12: 6.681 | V12: 2026-10-27T10:39:46.920827+00:00 | W12: 2026-10-27T10:39:46.927248+00:00 | X12: 2026-10-27T10:39:46.927678+00:00 | Y12: pending_approval | Z12: 0 | AA12: 0 | AB12: 0 | AC12: 0 | AD12: 0 | AE12: 0 | AF12: 0 | AG12: 0 | AH12: 1 | AI12: Yes
A13: 12 | B13: ORD-4373 | C13: 1 | D13: Oyo Central Builders | E13: Ibadan | F13: 3 | G13: 89 | H13: NAIL-3 x 13 @ 31,000; ROOF-AL x 37 @ 12,500; TIL-6060 x 39 @ 14,500 | I13: 1431000 | J13: 9000 | K13: 108000 | L13: 1548000 | M13: Duplicate order | N13: Yes | O13: duplicate | P13: warn | Q13: =IF(P13="pass","No","Yes") -> Yes | R13: draft | S13: duplicate | T13: This looks like a repeat of ORD-4370. Confirm it is a new order. | U13: 2.338 | V13: 2026-10-27T10:39:46.929455+00:00 | X13: 2026-10-27T10:39:46.929455+00:00 | Y13: draft | Z13: 0 | AA13: 0 | AB13: 0 | AC13: 0 | AD13: 0 | AE13: 0 | AF13: 0 | AG13: 1 | AH13: 0 | AI13: Yes
A14: 13 | B14: ORD-4374 | C14: 1 | D14: Gwarinpa Homes Ltd | E14: Abuja | F14: 2 | G14: 53 | H14: PVC-2 x 10 @ 4,100; PVC-4 x 43 @ 8,600 | I14: 410800 | J14: 15000 | K14: 31935 | L14: 457735 | M14: Quantity above available stock | N14: Yes | O14: stock | P14: fail | Q14: =IF(P14="pass","No","Yes") -> Yes | R14: validation_failed | S14: stock | T14: PVC pipe, 2 inch, 6 m: only 9 left. Reduce the quantity. | U14: 2.877 | V14: 2026-10-27T10:39:46.933686+00:00 | W14: 2026-10-27T10:39:46.936594+00:00 | X14: 2026-10-27T10:39:46.937009+00:00 | Y14: validation_failed | Z14: 0 | AA14: 0 | AB14: 0 | AC14: 1 | AD14: 0 | AE14: 0 | AF14: 0 | AG14: 0 | AH14: 0 | AI14: Yes
A15: 14 | B15: ORD-4375 | C15: 1 | D15: Eko Bridge Contractors | E15: (none) | F15: 3 | G15: 61 | H15: PNT-20W x 9 @ 38,000; ROD-16 x 50 @ 11,800; WIRE-25 x 2 @ 52,000 | I15: 1036000 | J15: 0 | K15: 77700 | L15: 1113700 | M15: Missing delivery address | N15: Yes | O15: mandatory | P15: fail | Q15: =IF(P15="pass","No","Yes") -> Yes | R15: validation_failed | S15: mandatory | T15: Choose a delivery address. | U15: 2.926 | V15: 2026-10-27T10:39:46.938239+00:00 | W15: 2026-10-27T10:39:46.94141+00:00 | X15: 2026-10-27T10:39:46.941795+00:00 | Y15: validation_failed | Z15: 1 | AA15: 0 | AB15: 0 | AC15: 0 | AD15: 0 | AE15: 0 | AF15: 0 | AG15: 0 | AH15: 0 | AI15: Yes
A16: 15 | B16: ORD-4376 | C16: 1 | D16: Kanu Brothers Building Supplies | E16: Lagos Mainland | F16: 3 | G16: 176 | H16: CEM-50 x 119 @ 9,500; PNT-20W x 16 @ 38,000; PVC-4 x 41 @ 8,600 | I16: 2091100 | J16: 4000 | K16: 157132.5 | L16: 2252232.5 | M16: Clean order (no error) | N16: No | P16: warn | Q16: =IF(P16="pass","No","Yes") -> Yes | R16: pending_approval | S16: unusual_quantity | T16: Cement, 50 kg bag: 119 is far above this customer's usual 23. | U16: 7.052 | V16: 2026-10-27T10:39:46.942868+00:00 | W16: 2026-10-27T10:39:46.94963+00:00 | X16: 2026-10-27T10:39:46.950064+00:00 | Y16: pending_approval | Z16: 0 | AA16: 0 | AB16: 0 | AC16: 0 | AD16: 0 | AE16: 0 | AF16: 0 | AG16: 0 | AH16: 1 | AI16: Yes
A17: 16 | B17: ORD-4377 | C17: 1 | D17: Marina Point Facilities | E17: Lagos Island | F17: 3 | G17: 132 | H17: PVC-4 x 17 @ 8,600; ROOF-AL x 62 @ 12,500; TIL-6060 x 53 @ 14,500 | I17: 1689700 | J17: 5000 | K17: 127102.5 | L17: 1821802.5 | M17: Clean order (no error) | N17: No | P17: pass | Q17: =IF(P17="pass","No","Yes") -> No | R17: pending_approval | U17: 3.678 | V17: 2026-10-27T10:39:46.951816+00:00 | W17: 2026-10-27T10:39:46.955281+00:00 | X17: 2026-10-27T10:39:46.955686+00:00 | Y17: pending_approval | Z17: 0 | AA17: 0 | AB17: 0 | AC17: 0 | AD17: 0 | AE17: 0 | AF17: 0 | AG17: 0 | AH17: 0 | AI17: Yes
A18: 17 | B18: ORD-4378 | C18: 1 | D18: Surulere Paint & Finish | E18: Lagos Mainland | F18: 3 | G18: 74 | H18: PNT-20C x 8 @ 38,000; PVC-4 x 57 @ 8,600; TIL-6060 x 9 @ 14,500 | I18: 924700 | J18: 4000 | K18: 69652.5 | L18: 998352.5 | M18: Clean order (no error) | N18: No | P18: pass | Q18: =IF(P18="pass","No","Yes") -> No | R18: pending_approval | U18: 3.794 | V18: 2026-10-27T10:39:46.957438+00:00 | W18: 2026-10-27T10:39:46.960933+00:00 | X18: 2026-10-27T10:39:46.961401+00:00 | Y18: pending_approval | Z18: 0 | AA18: 0 | AB18: 0 | AC18: 0 | AD18: 0 | AE18: 0 | AF18: 0 | AG18: 0 | AH18: 0 | AI18: Yes
A19: 18 | B19: ORD-4379 | C19: 1 | D19: Marina Point Facilities | E19: Lagos Island | F19: 4 | G19: 236 | H19: PNT-20W x 15 @ 38,000; PVC-4 x 57 @ 8,600; ROD-12 x 90 @ 7,200; ROOF-AL x 74 @ 12,500 | I19: 2633200 | J19: 5000 | K19: 197865 | L19: 2836065 | M19: Plausible quantity typing slip | N19: No | P19: warn | Q19: =IF(P19="pass","No","Yes") -> Yes | R19: pending_approval | S19: unusual_quantity | T19: Iron rod, 12 mm: 90 is far above this customer's usual 13. | U19: 7.675 | V19: 2026-10-27T10:39:46.963191+00:00 | W19: 2026-10-27T10:39:46.970684+00:00 | X19: 2026-10-27T10:39:46.971136+00:00 | Y19: pending_approval | Z19: 0 | AA19: 0 | AB19: 0 | AC19: 0 | AD19: 0 | AE19: 0 | AF19: 0 | AG19: 0 | AH19: 1 | AI19: Yes
A20: 19 | B20: ORD-4380 | C20: 1 | D20: Magodo Residential Ltd | E20: Ikeja | F20: 2 | G20: 115 | H20: PNT-20W x 15 @ 38,000; ROD-12 x 100 @ 7,200 | I20: 1290000 | J20: 4500 | K20: 97087.5 | L20: 1391587.5 | M20: Clean order (no error) | N20: No | P20: warn | Q20: =IF(P20="pass","No","Yes") -> Yes | R20: pending_approval | S20: unusual_quantity | T20: Iron rod, 12 mm: 100 is far above this customer's usual 13. | U20: 7.084 | V20: 2026-10-27T10:39:46.973108+00:00 | W20: 2026-10-27T10:39:46.979905+00:00 | X20: 2026-10-27T10:39:46.980361+00:00 | Y20: pending_approval | Z20: 0 | AA20: 0 | AB20: 0 | AC20: 0 | AD20: 0 | AE20: 0 | AF20: 0 | AG20: 0 | AH20: 1 | AI20: Yes
A21: 20 | B21: ORD-4381 | C21: 1 | D21: Northgate Realty Abuja | E21: (none) | F21: 1 | G21: 51 | H21: PVC-4 x 51 @ 8,600 | I21: 438600 | J21: 0 | K21: 32895 | L21: 471495 | M21: Missing delivery address | N21: Yes | O21: mandatory | P21: fail | Q21: =IF(P21="pass","No","Yes") -> Yes | R21: validation_failed | S21: mandatory | T21: Choose a delivery address. | U21: 2.688 | V21: 2026-10-27T10:39:46.982236+00:00 | W21: 2026-10-27T10:39:46.984942+00:00 | X21: 2026-10-27T10:39:46.985371+00:00 | Y21: validation_failed | Z21: 1 | AA21: 0 | AB21: 0 | AC21: 0 | AD21: 0 | AE21: 0 | AF21: 0 | AG21: 0 | AH21: 0 | AI21: Yes
A22: 21 | B22: ORD-4382 | C22: 1 | D22: Victoria Island Fit-Out Ltd | E22: Lagos Island | F22: 3 | G22: 160 | H22: CEM-50 x 71 @ 9,500; ROD-16 x 59 @ 11,800; ROOF-AL x 30 @ 12,500 | I22: 1745700 | J22: 5000 | K22: 131302.5 | L22: 1882002.5 | M22: Clean order (no error) | N22: No | P22: warn | Q22: =IF(P22="pass","No","Yes") -> Yes | R22: pending_approval | S22: unusual_quantity | T22: Cement, 50 kg bag: 71 is far above this customer's usual 23. | U22: 7.357 | V22: 2026-10-27T10:39:46.986676+00:00 | W22: 2026-10-27T10:39:46.993716+00:00 | X22: 2026-10-27T10:39:46.994151+00:00 | Y22: pending_approval | Z22: 0 | AA22: 0 | AB22: 0 | AC22: 0 | AD22: 0 | AE22: 0 | AF22: 0 | AG22: 0 | AH22: 1 | AI22: Yes
A23: 22 | B23: ORD-4383 | C23: 1 | D23: Eko Bridge Contractors | E23: Lagos Island | F23: 2 | G23: 43 | H23: ROD-16 x 4 @ 11,800; TIL-6060 x 39 @ 14,500 | I23: 612700 | J23: 5000 | K23: 46327.5 | L23: 664027.5 | M23: Quantity below minimum | N23: Yes | O23: quantity | P23: fail | Q23: =IF(P23="pass","No","Yes") -> Yes | R23: validation_failed | S23: quantity | T23: Iron rod, 16 mm: quantity must be between 5 and 1000. | U23: 3.079 | V23: 2026-10-27T10:39:46.996154+00:00 | W23: 2026-10-27T10:39:46.999367+00:00 | X23: 2026-10-27T10:39:46.999775+00:00 | Y23: validation_failed | Z23: 0 | AA23: 0 | AB23: 1 | AC23: 0 | AD23: 0 | AE23: 0 | AF23: 0 | AG23: 0 | AH23: 0 | AI23: Yes
A24: 23 | B24: ORD-4384 | C24: 1 | D24: Victoria Island Fit-Out Ltd | E24: Lagos Island | F24: 1 | G24: 14 | H24: PNT-20W x 14 @ 38,000 | I24: 532000 | J24: 5000 | K24: 40275 | L24: 577275 | M24: Wrong saved address | N24: No | P24: pass | Q24: =IF(P24="pass","No","Yes") -> No | R24: pending_approval | U24: 3.404 | V24: 2026-10-27T10:39:47.001269+00:00 | W24: 2026-10-27T10:39:47.004186+00:00 | X24: 2026-10-27T10:39:47.004628+00:00 | Y24: pending_approval | Z24: 0 | AA24: 0 | AB24: 0 | AC24: 0 | AD24: 0 | AE24: 0 | AF24: 0 | AG24: 0 | AH24: 0 | AI24: Yes
A25: 24 | B25: ORD-4385 | C25: 1 | D25: Eko Bridge Contractors | E25: Lagos Island | F25: 2 | G25: 10 | H25: NAIL-3 x 10 @ 31,000; XX-113 x None (not in the catalogue) | I25: 310000 | J25: 5000 | K25: 23625 | L25: 338625 | M25: SKU not in catalogue | N25: Yes | O25: sku | P25: fail | Q25: =IF(P25="pass","No","Yes") -> Yes | R25: validation_failed | S25: sku | T25: Row 3: XX-113 - not in the catalogue | U25: 2.98 | V25: 2026-10-27T10:39:47.006705+00:00 | W25: 2026-10-27T10:39:47.009727+00:00 | X25: 2026-10-27T10:39:47.010124+00:00 | Y25: validation_failed | Z25: 0 | AA25: 1 | AB25: 0 | AC25: 0 | AD25: 0 | AE25: 0 | AF25: 0 | AG25: 0 | AH25: 0 | AI25: Yes
A26: 25 | B26: ORD-4386 | C26: 1 | D26: Magodo Residential Ltd | E26: Ikeja | F26: 4 | G26: 90 | H26: NAIL-3 x 5 @ 31,000; PNT-20C x 1 @ 38,000; PVC-2 x 1 @ 4,100; TIL-6060 x 83 @ 14,500 | I26: 1400600 | J26: 4500 | K26: 105382.5 | L26: 1510482.5 | M26: Quantity below minimum | N26: Yes | O26: quantity | P26: fail | Q26: =IF(P26="pass","No","Yes") -> Yes | R26: validation_failed | S26: quantity | T26: PVC pipe, 2 inch, 6 m: quantity must be between 2 and 500. | U26: 3.956 | V26: 2026-10-27T10:39:47.011747+00:00 | W26: 2026-10-27T10:39:47.016021+00:00 | X26: 2026-10-27T10:39:47.016443+00:00 | Y26: validation_failed | Z26: 0 | AA26: 0 | AB26: 1 | AC26: 0 | AD26: 0 | AE26: 0 | AF26: 0 | AG26: 0 | AH26: 0 | AI26: Yes
A27: 26 | B27: ORD-4387 | C27: 1 | D27: Surulere Paint & Finish | E27: Lagos Mainland | F27: 3 | G27: 31 | H27: NAIL-3 x 6 @ 31,000; PNT-20W x 23 @ 38,000; PVC-2 x 2 @ 4,100 | I27: 1068200 | J27: 4000 | K27: 80415 | L27: 1152615 | M27: Price changed after the order was saved | N27: Yes | O27: pricing | P27: fail | Q27: =IF(P27="pass","No","Yes") -> Yes | R27: validation_failed | S27: pricing | T27: Nails, 3 inch, 25 kg: price changed from 31000.00 to 32600.00. Save the order again to update it. | U27: 3.911 | V27: 2026-10-27T10:39:47.01812+00:00 | W27: 2026-10-27T10:39:47.022569+00:00 | X27: 2026-10-27T10:39:47.022983+00:00 | Y27: validation_failed | Z27: 0 | AA27: 0 | AB27: 0 | AC27: 0 | AD27: 0 | AE27: 1 | AF27: 0 | AG27: 0 | AH27: 0 | AI27: Yes
A28: 27 | B28: ORD-4388 | C28: 1 | D28: Ibadan Prime Homes Ltd | E28: Ibadan | F28: 3 | G28: 74 | H28: CEM-50 x 46 @ 9,500; PNT-20W x 11 @ 38,000; ROD-16 x 17 @ 11,800 | I28: 1055600 | J28: 9000 | K28: 79845 | L28: 1144445 | M28: Clean order (no error) | N28: No | P28: pass | Q28: =IF(P28="pass","No","Yes") -> No | R28: pending_approval | U28: 7.926 | V28: 2026-10-27T10:39:47.024768+00:00 | W28: 2026-10-27T10:39:47.032382+00:00 | X28: 2026-10-27T10:39:47.032825+00:00 | Y28: pending_approval | Z28: 0 | AA28: 0 | AB28: 0 | AC28: 0 | AD28: 0 | AE28: 0 | AF28: 0 | AG28: 0 | AH28: 0 | AI28: Yes
A29: 28 | B29: ORD-4389 | C29: 1 | D29: Marina Point Facilities | E29: Lagos Island | F29: 2 | G29: 20 | H29: NAIL-3 x 11 @ 31,000; PNT-20W x 9 @ 38,000 | I29: 683000 | J29: 5000 | K29: 51600 | L29: 739600 | M29: Missing delivery date | N29: Yes | O29: mandatory | P29: fail | Q29: =IF(P29="pass","No","Yes") -> Yes | R29: validation_failed | S29: mandatory | T29: Choose a delivery date. | U29: 3.777 | V29: 2026-10-27T10:39:47.035+00:00 | W29: 2026-10-27T10:39:47.038967+00:00 | X29: 2026-10-27T10:39:47.039397+00:00 | Y29: validation_failed | Z29: 1 | AA29: 0 | AB29: 0 | AC29: 0 | AD29: 0 | AE29: 0 | AF29: 0 | AG29: 0 | AH29: 0 | AI29: No
A30: 29 | B30: ORD-4390 | C30: 1 | D30: Surulere Paint & Finish | E30: Lagos Mainland | F30: 2 | G30: 76 | H30: PVC-2 x 2 @ 4,100; ROD-16 x 74 @ 11,800 | I30: 881400 | J30: 4000 | K30: 66405 | L30: 951805 | M30: Clean order (no error) | N30: No | P30: pass | Q30: =IF(P30="pass","No","Yes") -> No | R30: pending_approval | U30: 3.976 | V30: 2026-10-27T10:39:47.040942+00:00 | W30: 2026-10-27T10:39:47.044403+00:00 | X30: 2026-10-27T10:39:47.04486+00:00 | Y30: pending_approval | Z30: 0 | AA30: 0 | AB30: 0 | AC30: 0 | AD30: 0 | AE30: 0 | AF30: 0 | AG30: 0 | AH30: 0 | AI30: Yes
A31: 30 | B31: ORD-4391 | C31: 1 | D31: Ola-Ade Hardware & Tiles | E31: Ikeja | F31: 2 | G31: 25 | H31: PNT-20C x 6 @ 38,000; ROD-16 x 19 @ 11,800 | I31: 452200 | J31: 4500 | K31: 34252.5 | L31: 490952.5 | M31: Clean order (no error) | N31: No | P31: pass | Q31: =IF(P31="pass","No","Yes") -> No | R31: pending_approval | U31: 3.844 | V31: 2026-10-27T10:39:47.047135+00:00 | W31: 2026-10-27T10:39:47.050633+00:00 | X31: 2026-10-27T10:39:47.051091+00:00 | Y31: pending_approval | Z31: 0 | AA31: 0 | AB31: 0 | AC31: 0 | AD31: 0 | AE31: 0 | AF31: 0 | AG31: 0 | AH31: 0 | AI31: Yes
A32: 31 | B32: ORD-4392 | C32: 1 | D32: Kanu Brothers Building Supplies | E32: Lagos Mainland | F32: 4 | G32: 84 | H32: PNT-20C x 5 @ 38,000; PVC-4 x 24 @ 8,600; ROD-16 x 6 @ 11,800; ROOF-AL x 49 @ 12,500 | I32: 1079700 | J32: 4000 | K32: 81277.5 | L32: 1164977.5 | M32: Wrong but valid product | N32: No | P32: pass | Q32: =IF(P32="pass","No","Yes") -> No | R32: pending_approval | U32: 5.056 | V32: 2026-10-27T10:39:47.053421+00:00 | W32: 2026-10-27T10:39:47.058307+00:00 | X32: 2026-10-27T10:39:47.058777+00:00 | Y32: pending_approval | Z32: 0 | AA32: 0 | AB32: 0 | AC32: 0 | AD32: 0 | AE32: 0 | AF32: 0 | AG32: 0 | AH32: 0 | AI32: Yes
A33: 32 | B33: ORD-4393 | C33: 1 | D33: Northgate Realty Abuja | E33: Abuja | F33: 4 | G33: 342 | H33: ROD-12 x 190 @ 7,200; ROD-16 x 73 @ 11,800; ROOF-AL x 46 @ 12,500; TIL-6060 x 33 @ 14,500 | I33: 3282900 | J33: 15000 | K33: 247342.5 | L33: 3545242.5 | M33: Plausible quantity typing slip | N33: No | P33: warn | Q33: =IF(P33="pass","No","Yes") -> Yes | R33: pending_approval | S33: unusual_quantity | T33: Iron rod, 12 mm: 190 is far above this customer's usual 13. | U33: 8.913 | V33: 2026-10-27T10:39:47.060947+00:00 | W33: 2026-10-27T10:39:47.069807+00:00 | X33: 2026-10-27T10:39:47.070267+00:00 | Y33: pending_approval | Z33: 0 | AA33: 0 | AB33: 0 | AC33: 0 | AD33: 0 | AE33: 0 | AF33: 0 | AG33: 0 | AH33: 1 | AI33: Yes
A34: 33 | B34: ORD-4394 | C34: 1 | D34: Surulere Paint & Finish | E34: Lagos Mainland | F34: 4 | G34: 147 | H34: PVC-2 x 2 @ 4,100; PVC-4 x 24 @ 8,600; ROD-12 x 120 @ 7,200; SAND-T x 1 @ 185,000 | I34: 1263600 | J34: 4000 | K34: 95070 | L34: 1362670 | M34: Discontinued product | N34: Yes | O34: sku | P34: fail | Q34: =IF(P34="pass","No","Yes") -> Yes | R34: validation_failed | S34: sku, stock, unusual_quantity | T34: SAND-T is no longer sold. Remove it. | Sharp sand, 20 tonne trip is out of stock. | Iron rod, 12 mm: 120 is far above this customer's usual 32. | U34: 8.34 | V34: 2026-10-27T10:39:47.072446+00:00 | W34: 2026-10-27T10:39:47.081128+00:00 | X34: 2026-10-27T10:39:47.081586+00:00 | Y34: validation_failed | Z34: 0 | AA34: 1 | AB34: 0 | AC34: 1 | AD34: 0 | AE34: 0 | AF34: 0 | AG34: 0 | AH34: 1 | AI34: Yes
A35: 34 | B35: ORD-4395 | C35: 1 | D35: Kanu Brothers Building Supplies | E35: Lagos Mainland | F35: 2 | G35: 171 | H35: CEM-50 x 167 @ 9,500; PVC-2 x 4 @ 4,100 | I35: 1602900 | J35: 4000 | K35: 120517.5 | L35: 1727417.5 | M35: Wrong but valid product | N35: No | P35: warn | Q35: =IF(P35="pass","No","Yes") -> Yes | R35: pending_approval | S35: unusual_quantity | T35: Cement, 50 kg bag: 167 is far above this customer's usual 42. | U35: 7.8 | V35: 2026-10-27T10:39:47.083451+00:00 | W35: 2026-10-27T10:39:47.090836+00:00 | X35: 2026-10-27T10:39:47.09131+00:00 | Y35: pending_approval | Z35: 0 | AA35: 0 | AB35: 0 | AC35: 0 | AD35: 0 | AE35: 0 | AF35: 0 | AG35: 0 | AH35: 1 | AI35: Yes
A36: 35 | B36: ORD-4396 | C36: 1 | D36: Magodo Residential Ltd | E36: Ikeja | F36: 3 | G36: 66 | H36: PVC-2 x 2 @ 4,100; ROD-16 x 51 @ 11,800; ROOF-AL x 13 @ 12,500 | I36: 772500 | J36: 4500 | K36: 58275 | L36: 835275 | M36: Clean order (no error) | N36: No | P36: pass | Q36: =IF(P36="pass","No","Yes") -> No | R36: pending_approval | U36: 4.769 | V36: 2026-10-27T10:39:47.093627+00:00 | W36: 2026-10-27T10:39:47.098099+00:00 | X36: 2026-10-27T10:39:47.098564+00:00 | Y36: pending_approval | Z36: 0 | AA36: 0 | AB36: 0 | AC36: 0 | AD36: 0 | AE36: 0 | AF36: 0 | AG36: 0 | AH36: 0 | AI36: Yes
A37: 36 | B37: ORD-4397 | C37: 1 | D37: Kanu Brothers Building Supplies | E37: Lagos Mainland | F37: 1 | G37: 4 | H37: NAIL-3 x 4 @ 31,000 | I37: 124000 | J37: 4000 | K37: 9600 | L37: 137600 | M37: Missing delivery date | N37: Yes | O37: mandatory | P37: fail | Q37: =IF(P37="pass","No","Yes") -> Yes | R37: validation_failed | S37: mandatory | T37: Choose a delivery date. | U37: 3.431 | V37: 2026-10-27T10:39:47.100777+00:00 | W37: 2026-10-27T10:39:47.104222+00:00 | X37: 2026-10-27T10:39:47.104682+00:00 | Y37: validation_failed | Z37: 1 | AA37: 0 | AB37: 0 | AC37: 0 | AD37: 0 | AE37: 0 | AF37: 0 | AG37: 0 | AH37: 0 | AI37: No
A38: 37 | B38: ORD-4398 | C38: 1 | D38: Agege Steel Works | E38: Ikeja | F38: 3 | G38: 71 | H38: NAIL-3 x 2 @ 31,000; PVC-2 x 2 @ 4,100; ROOF-AL x 67 @ 12,500 | I38: 907700 | J38: 4500 | K38: 68415 | L38: 980615 | M38: Clean order (no error) | N38: No | P38: pass | Q38: =IF(P38="pass","No","Yes") -> No | R38: pending_approval | U38: 5.002 | V38: 2026-10-27T10:39:47.106413+00:00 | W38: 2026-10-27T10:39:47.111099+00:00 | X38: 2026-10-27T10:39:47.111563+00:00 | Y38: pending_approval | Z38: 0 | AA38: 0 | AB38: 0 | AC38: 0 | AD38: 0 | AE38: 0 | AF38: 0 | AG38: 0 | AH38: 0 | AI38: Yes
A39: 38 | B39: ORD-4399 | C39: 1 | D39: Oyo Central Builders | E39: Ibadan | F39: 2 | G39: 75 | H39: PVC-4 x 31 @ 8,600; ROD-16 x 44 @ 11,800 | I39: 785800 | J39: 9000 | K39: 59610 | L39: 854410 | M39: Price changed after the order was saved | N39: Yes | O39: pricing | P39: fail | Q39: =IF(P39="pass","No","Yes") -> Yes | R39: validation_failed | S39: pricing | T39: PVC pipe, 4 inch, 6 m: price changed from 8600.00 to 9000.00. Save the order again to update it. | U39: 3.837 | V39: 2026-10-27T10:39:47.114035+00:00 | W39: 2026-10-27T10:39:47.118283+00:00 | X39: 2026-10-27T10:39:47.118725+00:00 | Y39: validation_failed | Z39: 0 | AA39: 0 | AB39: 0 | AC39: 0 | AD39: 0 | AE39: 1 | AF39: 0 | AG39: 0 | AH39: 0 | AI39: Yes
A40: 39 | B40: ORD-4400 | C40: 1 | D40: Ajah Sunrise Housing Co-op | E40: Lekki-Ajah | F40: 3 | G40: 39 | H40: NAIL-3 x 8 @ 31,000; PNT-20C x 4 @ 38,000; PVC-4 x 27 @ 8,600 | I40: 632200 | J40: 6000 | K40: 47865 | L40: 686065 | M40: Clean order (no error) | N40: No | P40: pass | Q40: =IF(P40="pass","No","Yes") -> No | R40: pending_approval | U40: 5.006 | V40: 2026-10-27T10:39:47.120789+00:00 | W40: 2026-10-27T10:39:47.125585+00:00 | X40: 2026-10-27T10:39:47.126042+00:00 | Y40: pending_approval | Z40: 0 | AA40: 0 | AB40: 0 | AC40: 0 | AD40: 0 | AE40: 0 | AF40: 0 | AG40: 0 | AH40: 0 | AI40: Yes
A41: 40 | B41: ORD-4401 | C41: 1 | D41: Ajah Sunrise Housing Co-op | E41: Lekki-Ajah | F41: 3 | G41: 1088 | H41: NAIL-3 x 8 @ 31,000; PVC-4 x 60 @ 8,600; ROOF-AL x 1020 @ 12,500 | I41: 13514000 | J41: 6000 | K41: 1014000 | L41: 14534000 | M41: Quantity above maximum | N41: Yes | O41: quantity | P41: fail | Q41: =IF(P41="pass","No","Yes") -> Yes | R41: validation_failed | S41: quantity, stock | T41: Aluminium roofing sheet, 0.55 mm: quantity must be between 10 and 1000. | Aluminium roofing sheet, 0.55 mm: not enough stock for this quantity. Reduce it. | U41: 5.08 | V41: 2026-10-27T10:39:47.128503+00:00 | W41: 2026-10-27T10:39:47.133855+00:00 | X41: 2026-10-27T10:39:47.134307+00:00 | Y41: validation_failed | Z41: 0 | AA41: 0 | AB41: 1 | AC41: 1 | AD41: 0 | AE41: 0 | AF41: 0 | AG41: 0 | AH41: 0 | AI41: Yes
A42: 41 | B42: ORD-4402 | C42: 1 | D42: Gwarinpa Homes Ltd | E42: Abuja | F42: 3 | G42: 68 | H42: CEM-50 x 38 @ 9,500; PNT-20W x 25 @ 38,000; PVC-4 x 5 @ 8,600 | I42: 1354000 | J42: 15000 | K42: 102675 | L42: 1471675 | M42: Clean order (no error) | N42: No | P42: pass | Q42: =IF(P42="pass","No","Yes") -> No | R42: pending_approval | U42: 9.271 | V42: 2026-10-27T10:39:47.13618+00:00 | W42: 2026-10-27T10:39:47.145155+00:00 | X42: 2026-10-27T10:39:47.145686+00:00 | Y42: pending_approval | Z42: 0 | AA42: 0 | AB42: 0 | AC42: 0 | AD42: 0 | AE42: 0 | AF42: 0 | AG42: 0 | AH42: 0 | AI42: Yes
A43: 42 | B43: ORD-4403 | C43: 1 | D43: Gwarinpa Homes Ltd | E43: Abuja | F43: 4 | G43: 68 | H43: PVC-4 x 15 @ 8,600; ROD-16 x 44 @ 11,800; TIL-6060 x 1 @ 14,500; WIRE-25 x 8 @ 52,000 | I43: 1078700 | J43: 15000 | K43: 82027.5 | L43: 1175727.5 | M43: Quantity below minimum | N43: Yes | O43: quantity | P43: fail | Q43: =IF(P43="pass","No","Yes") -> Yes | R43: validation_failed | S43: quantity | T43: Floor tile 60x60, carton: quantity must be between 2 and 800. | U43: 5.271 | V43: 2026-10-27T10:39:47.148375+00:00 | W43: 2026-10-27T10:39:47.154046+00:00 | X43: 2026-10-27T10:39:47.154505+00:00 | Y43: validation_failed | Z43: 0 | AA43: 0 | AB43: 1 | AC43: 0 | AD43: 0 | AE43: 0 | AF43: 0 | AG43: 0 | AH43: 0 | AI43: Yes
A44: 43 | B44: ORD-4404 | C44: 1 | D44: Gwarinpa Homes Ltd | E44: Abuja | F44: 3 | G44: 196 | H44: CEM-50 x 39 @ 9,500; PNT-20C x 7 @ 38,000; ROD-12 x 150 @ 7,200 | I44: 1716500 | J44: 15000 | K44: 129862.5 | L44: 1861362.5 | M44: Plausible quantity typing slip | N44: No | P44: warn | Q44: =IF(P44="pass","No","Yes") -> Yes | R44: pending_approval | S44: unusual_quantity | T44: Iron rod, 12 mm: 150 is far above this customer's usual 13. | U44: 13.272 | V44: 2026-10-27T10:39:47.156405+00:00 | W44: 2026-10-27T10:39:47.169382+00:00 | X44: 2026-10-27T10:39:47.169879+00:00 | Y44: pending_approval | Z44: 0 | AA44: 0 | AB44: 0 | AC44: 0 | AD44: 0 | AE44: 0 | AF44: 0 | AG44: 0 | AH44: 1 | AI44: Yes
A45: 44 | B45: ORD-4405 | C45: 1 | D45: Victoria Island Fit-Out Ltd | E45: Lagos Island | F45: 1 | G45: 1 | H45: WIRE-25 x 1 @ 52,000 | I45: 52000 | J45: 5000 | K45: 4275 | L45: 61275 | M45: Clean order (no error) | N45: No | P45: pass | Q45: =IF(P45="pass","No","Yes") -> No | R45: pending_approval | U45: 3.653 | V45: 2026-10-27T10:39:47.172451+00:00 | W45: 2026-10-27T10:39:47.175664+00:00 | X45: 2026-10-27T10:39:47.176119+00:00 | Y45: pending_approval | Z45: 0 | AA45: 0 | AB45: 0 | AC45: 0 | AD45: 0 | AE45: 0 | AF45: 0 | AG45: 0 | AH45: 0 | AI45: Yes
A46: 45 | B46: ORD-4406 | C46: 1 | D46: Marina Point Facilities | E46: Lagos Island | F46: 2 | G46: 20 | H46: PVC-4 x 4 @ 8,600; WIRE-25 x 16 @ 52,000 | I46: 866400 | J46: 5000 | K46: 65355 | L46: 936755 | M46: Price changed after the order was saved | N46: Yes | O46: pricing | P46: fail | Q46: =IF(P46="pass","No","Yes") -> Yes | R46: validation_failed | S46: pricing | T46: PVC pipe, 4 inch, 6 m: price changed from 8600.00 to 9000.00. Save the order again to update it. | U46: 4.145 | V46: 2026-10-27T10:39:47.178637+00:00 | W46: 2026-10-27T10:39:47.183272+00:00 | X46: 2026-10-27T10:39:47.183711+00:00 | Y46: validation_failed | Z46: 0 | AA46: 0 | AB46: 0 | AC46: 0 | AD46: 0 | AE46: 1 | AF46: 0 | AG46: 0 | AH46: 0 | AI46: Yes
